Draw Date,Winning Numbers,Mega Ball,Multiplier
4/16/24,21 26 36 44 59,02,04
4/12/24,01 12 14 18 66,16,02
4/9/24,34 43 51 52 69,25,04
4/5/24,20 30 54 63 65,14,03
4/2/24,10 50 56 60 66,19,03
3/29/24,11 30 33 38 60,16,04
3/26/24,07 11 22 29 38,04,02
3/22/24,03 08 31 35 44,16,03
3/19/24,24 46 49 62 66,07,02
3/15/24,13 25 50 51 66,06,05
3/12/24,02 16 31 57 64,24,03
3/8/24,19 20 22 47 58,01,03
3/5/24,02 49 50 61 70,14,02
3/1/24,15 33 37 55 61,24,04
2/27/24,06 18 26 27 49,04,03
2/23/24,04 06 40 41 60,11,05
2/20/24,05 45 55 58 68,07,02
2/16/24,19 23 39 42 67,18,04
2/13/24,01 03 19 25 58,20,03
2/9/24,17 22 29 46 69,01,03
2/6/24,02 10 31 44 57,10,04
2/2/24,11 22 42 64 69,18,03
1/30/24,03 05 16 58 59,11,04
1/26/24,14 31 34 50 61,13,03
1/23/24,21 28 58 69 70,20,02
1/19/24,01 09 16 17 30,17,02
1/16/24,02 10 42 49 54,13,02
1/12/24,19 34 35 45 67,07,03
1/9/24,12 15 32 33 53,24,03
1/5/24,05 23 26 38 44,25,03
1/2/24,03 18 27 29 64,01,02
12/29/23,11 27 30 62 70,10,03
12/26/23,08 10 22 58 64,21,03
12/22/23,10 26 36 54 69,04,04
12/19/23,17 26 50 58 61,11,03
12/15/23,10 20 28 40 54,12,02
12/12/23,08 23 44 45 53,03,04
12/8/23,21 26 53 66 70,13,03
12/5/23,18 35 40 64 67,18,04
12/1/23,12 47 49 52 65,12,04
11/28/23,27 37 42 59 61,11,03
11/24/23,06 15 45 59 68,01,04
11/21/23,17 22 25 30 38,24,04
11/17/23,06 12 31 33 69,17,03
11/14/23,29 35 59 61 69,22,04
11/10/23,13 33 59 68 70,08,03
11/7/23,03 11 33 42 52,20,02
11/3/23,15 32 38 47 65,12,04
10/31/23,14 35 37 55 70,15,03
10/27/23,11 32 43 57 70,06,04
10/24/23,16 20 30 54 59,07,03
10/20/23,07 29 36 49 61,22,04
10/17/23,05 06 29 32 61,20,04
10/13/23,06 18 44 46 68,18,03
10/10/23,03 08 17 46 63,07,04
10/6/23,12 24 46 57 66,22,03
10/3/23,03 19 32 39 59,24,03
9/29/23,18 40 47 55 64,11,04
9/26/23,15 30 35 42 60,16,04
9/22/23,10 13 14 57 66,03,02
9/19/23,06 09 13 29 66,24,02
9/15/23,05 13 29 50 53,25,03
9/12/23,02 14 21 42 67,18,05
9/8/23,03 12 17 51 62,01,03
9/5/23,03 43 50 51 65,13,02
9/1/23,10 31 42 43 55,08,02
8/29/23,09 39 52 61 63,25,03
8/25/23,12 23 26 31 38,02,02
8/22/23,01 12 26 36 50,07,02
8/18/23,10 20 29 44 66,11,03
8/15/23,18 39 42 57 63,07,03
8/11/23,08 09 18 35 41,18,03
8/8/23,13 19 20 32 33,14,02
8/4/23,11 30 45 52 56,20,02
8/1/23,08 24 30 45 61,12,04
7/28/23,05 10 28 52 63,18,05
7/25/23,03 05 06 44 61,25,04
7/21/23,29 40 47 50 57,25,02
7/18/23,19 22 31 37 54,18,04
7/14/23,10 24 48 51 66,15,02
7/11/23,10 17 33 51 64,05,02
7/7/23,08 10 17 55 66,03,03
7/4/23,21 33 54 61 67,12,03
6/30/23,13 22 47 51 55,09,03
6/27/23,08 34 35 41 52,12,04
6/23/23,13 62 65 67 69,14,05
6/20/23,06 37 39 45 46,21,04
6/16/23,04 24 34 45 57,19,03
6/13/23,08 10 19 44 47,04,04
6/9/23,03 19 53 60 68,13,03
6/6/23,06 12 23 29 57,04,02
6/2/23,03 16 19 36 60,25,02
5/30/23,13 16 40 64 68,21,02
5/26/23,12 20 37 41 64,01,03
5/23/23,03 10 22 65 66,19,02
5/19/23,05 11 41 44 55,14,02
5/16/23,15 34 36 69 70,17,03
5/12/23,01 02 23 40 45,15,03
5/9/23,04 37 46 48 51,19,03
5/5/23,16 18 28 42 43,11,03
5/2/23,03 15 16 32 41,09,02
4/28/23,18 38 53 62 64,20,03
4/25/23,08 29 46 47 48,12,02
4/21/23,03 21 29 46 63,09,03
4/18/23,07 09 15 19 25,04,02
4/14/23,23 27 41 48 51,22,02
4/11/23,31 35 53 54 55,24,03
4/7/23,12 32 49 51 66,21,02
4/4/23,01 37 45 62 64,04,03
3/31/23,16 26 27 42 61,23,04
3/28/23,02 03 18 32 68,24,04
3/24/23,14 17 33 42 66,15,03
3/21/23,01 21 25 27 40,11,02
3/17/23,26 28 29 39 49,25,03
3/14/23,01 07 23 38 55,02,03
3/10/23,09 20 59 60 63,05,02
3/7/23,15 22 25 28 69,21,04
3/3/23,08 25 36 39 67,11,04
2/28/23,14 16 40 52 59,13,02
2/24/23,02 22 49 65 67,07,04
2/21/23,02 15 30 36 63,24,02
2/17/23,02 33 38 57 70,13,03
2/14/23,23 24 35 40 43,01,03
2/10/23,20 29 30 52 58,19,03
2/7/23,09 15 46 55 57,04,02
2/3/23,01 04 50 54 59,17,02
1/31/23,07 09 18 29 39,13,04
1/27/23,04 43 46 47 61,22,04
1/24/23,33 41 47 50 62,20,04
1/20/23,20 29 31 64 66,17,04
1/17/23,02 12 18 24 39,18,03
1/13/23,30 43 45 46 61,14,02
1/10/23,07 13 14 15 18,09,03
1/6/23,03 20 46 59 63,13,03
1/3/23,25 29 33 41 44,18,04
12/30/22,01 03 06 44 51,07,03
12/27/22,09 13 36 59 61,11,02
12/23/22,15 21 32 38 62,08,04
12/20/22,03 04 33 36 52,17,04
12/16/22,08 35 40 53 56,11,03
12/13/22,14 22 48 58 68,06,02
12/9/22,08 19 53 61 69,19,04
12/6/22,15 16 19 28 47,13,03
12/2/22,01 21 36 46 52,16,03
11/29/22,20 23 37 46 52,06,04
11/25/22,29 31 46 54 67,18,02
11/22/22,13 23 24 25 43,02,03
11/18/22,02 14 16 38 66,09,04
11/15/22,06 19 28 46 61,18,02
11/11/22,01 05 17 37 70,22,03
11/8/22,05 13 29 38 59,23,04
11/4/22,02 20 47 55 59,19,02
11/1/22,05 09 15 16 17,25,03
10/28/22,04 18 31 53 69,07,02
10/25/22,21 30 35 45 66,21,03
10/21/22,34 36 43 45 68,22,02
10/18/22,01 15 20 44 67,23,03
10/14/22,09 22 26 41 44,19,02
10/11/22,03 07 11 13 38,01,03
10/7/22,06 11 29 36 55,21,02
10/4/22,15 18 25 33 38,25,02
9/30/22,16 26 37 40 51,06,04
9/27/22,08 14 24 43 51,09,03
9/23/22,05 50 53 58 64,22,04
9/20/22,09 21 28 30 52,10,05
9/16/22,15 30 35 38 66,12,04
9/13/22,14 25 38 59 64,21,04
9/9/22,16 21 54 55 69,22,02
9/6/22,06 17 46 59 68,02,04
9/2/22,39 40 52 60 67,20,02
8/30/22,02 38 55 57 65,17,03
8/26/22,06 27 30 38 64,23,02
8/23/22,03 05 47 48 67,07,02
8/19/22,12 18 24 46 65,03,04
8/16/22,33 35 41 45 51,01,02
8/12/22,23 24 50 54 64,03,03
8/9/22,01 08 10 25 32,13,03
8/5/22,02 05 29 64 69,18,03
8/2/22,10 14 25 37 63,14,03
7/29/22,13 36 45 57 67,14,02
7/26/22,07 29 60 63 66,15,03
7/22/22,14 40 60 64 66,16,03
7/19/22,02 31 32 37 70,25,03
7/15/22,08 20 26 53 64,15,05
7/12/22,04 07 10 45 64,12,02
7/8/22,20 36 61 62 69,20,03
7/5/22,27 31 50 51 61,21,04
7/1/22,01 27 29 38 62,12,03
6/28/22,07 12 21 43 55,11,02
6/24/22,01 07 11 25 56,14,02
6/21/22,08 13 18 32 42,20,03
6/17/22,20 36 53 56 69,16,02
6/14/22,30 37 38 42 58,22,02
6/10/22,03 12 14 18 32,04,05
6/7/22,04 34 40 41 53,03,04
6/3/22,11 16 22 48 59,11,04
5/31/22,06 15 41 63 64,24,04
5/27/22,03 14 40 53 54,08,03
5/24/22,03 05 06 63 68,25,03
5/20/22,33 40 59 60 69,22,03
5/17/22,07 21 24 41 65,24,04
5/13/22,11 41 43 44 65,13,03
5/10/22,15 19 20 61 70,06,03
5/6/22,16 21 33 52 70,10,02
5/3/22,15 19 27 35 57,17,02
4/29/22,09 11 34 49 66,15,02
4/26/22,05 07 19 46 69,02,04
4/22/22,07 28 29 58 59,10,03
4/19/22,02 09 33 47 53,24,03
4/15/22,04 17 20 46 64,23,04
4/12/22,02 08 14 20 31,17,02
4/8/22,08 11 29 32 40,02,03
4/5/22,22 43 60 63 64,18,02
4/1/22,26 42 47 48 63,21,05
3/29/22,07 22 36 45 47,12,02
3/25/22,03 13 42 51 58,17,02
3/22/22,08 15 21 27 61,08,03
3/18/22,02 06 25 40 45,05,04
3/15/22,09 14 28 59 60,24,05
3/11/22,24 28 39 44 66,25,03
3/8/22,07 18 38 58 64,24,03
3/4/22,11 19 28 46 47,05,04
3/1/22,18 22 38 39 50,18,02
2/25/22,15 31 40 56 66,04,03
2/22/22,06 17 22 57 62,03,03
2/18/22,06 11 50 63 68,17,04
2/15/22,02 04 15 21 63,19,03
2/11/22,11 16 23 24 30,24,03
2/8/22,01 17 20 52 54,02,03
2/4/22,07 16 34 44 61,24,04
2/1/22,11 24 38 62 66,01,04
1/28/22,03 16 25 44 55,13,03
1/25/22,03 12 38 53 58,13,03
1/21/22,38 45 46 55 67,18,02
1/18/22,04 19 39 42 52,09,04
1/14/22,05 08 13 22 48,25,02
1/11/22,02 03 19 52 58,16,02
1/7/22,07 29 43 56 57,06,03
1/4/22,04 06 16 21 22,01,03
12/31/21,02 05 30 46 61,08,03
12/28/21,03 05 08 31 38,04,03
12/24/21,16 17 25 36 37,16,02
12/21/21,25 31 58 64 67,24,03
12/17/21,21 32 38 48 62,10,03
12/14/21,33 35 44 55 69,20,03
12/10/21,23 25 40 42 60,08,02
12/7/21,01 07 40 43 68,01,02
12/3/21,22 45 48 58 61,13,05
11/30/21,07 08 26 30 39,17,02
11/26/21,07 27 37 42 59,02,02
11/23/21,07 24 54 57 58,06,03
11/19/21,05 23 52 53 59,18,05
11/16/21,06 22 44 53 65,03,03
11/12/21,30 32 42 46 48,15,02
11/9/21,09 14 16 26 49,14,03
11/5/21,10 15 20 66 68,18,02
11/2/21,05 10 26 58 65,09,02
10/29/21,15 26 28 35 45,04,03
10/26/21,06 14 19 56 62,09,04
10/22/21,09 14 26 29 66,22,03
10/19/21,03 12 13 19 52,01,03
10/15/21,03 20 31 34 65,18,03
10/12/21,21 26 56 61 65,04,03
10/8/21,21 24 36 40 70,22,05
10/5/21,07 11 18 30 36,04,03
10/1/21,21 25 36 62 63,06,02
9/28/21,18 30 43 68 69,22,04
9/24/21,17 21 27 43 56,15,03
9/21/21,36 41 45 51 56,13,03
9/17/21,17 32 40 59 61,18,03
9/14/21,04 13 19 63 64,16,02
9/10/21,20 32 35 47 64,18,02
9/7/21,15 17 25 32 53,12,03
9/3/21,07 10 12 61 65,03,02
8/31/21,08 14 31 58 68,15,03
8/27/21,01 10 44 47 56,23,03
8/24/21,17 18 26 52 67,19,02
8/20/21,41 43 51 57 70,01,02
8/17/21,03 06 16 38 56,24,03
8/13/21,17 21 35 40 53,11,02
8/10/21,29 45 50 59 62,12,02
8/6/21,09 18 40 46 69,09,02
8/3/21,01 09 17 27 34,24,02
7/30/21,19 26 31 52 68,10,03
7/27/21,02 35 36 54 64,11,03
7/23/21,13 17 19 40 69,17,03
7/20/21,10 26 30 52 57,10,02
7/16/21,24 25 47 52 57,24,04
7/13/21,03 10 17 26 55,24,02
7/9/21,06 37 39 41 46,17,02
7/6/21,18 47 63 68 69,14,03
7/2/21,08 31 32 34 45,19,02
6/29/21,07 38 50 52 69,21,03
6/25/21,17 20 42 45 65,12,04
6/22/21,01 26 48 51 59,25,04
6/18/21,14 36 44 46 53,18,02
6/15/21,18 22 27 38 52,11,04
6/11/21,04 43 56 63 68,13,04
6/8/21,09 22 39 41 54,19,03
6/4/21,04 30 34 41 64,08,03
6/1/21,07 11 33 58 63,23,02
5/28/21,10 14 20 47 70,15,02
5/25/21,14 21 31 34 54,11,03
5/21/21,06 09 17 18 48,08,03
5/18/21,03 05 56 61 66,04,02
5/14/21,03 18 41 44 68,03,02
5/11/21,07 08 20 36 39,22,03
5/7/21,05 10 19 21 50,10,04
5/4/21,04 27 32 57 63,22,03
4/30/21,08 19 26 48 49,05,03
4/27/21,15 22 30 41 42,25,04
4/23/21,04 28 29 30 60,25,03
4/20/21,06 23 43 49 52,05,03
4/16/21,17 27 28 50 55,25,04
4/13/21,10 15 19 45 68,09,04
4/9/21,22 26 27 58 66,12,02
4/6/21,01 19 20 32 42,17,03
4/2/21,10 42 48 53 62,19,02
3/30/21,11 37 47 53 56,15,03
3/26/21,04 25 37 46 67,15,03
3/23/21,12 23 35 38 55,11,02
3/19/21,09 14 40 58 69,08,03
3/16/21,10 41 46 52 69,08,02
3/12/21,02 24 25 31 65,18,04
3/9/21,04 33 46 58 65,13,02
3/5/21,10 11 17 27 54,20,02
3/2/21,04 08 13 34 64,18,02
2/26/21,11 15 37 62 64,05,02
2/23/21,05 07 09 20 57,15,03
2/19/21,27 32 47 50 53,04,04
2/16/21,01 36 44 54 66,10,03
2/12/21,05 14 24 25 27,14,03
2/9/21,07 18 21 31 40,09,04
2/5/21,14 17 28 29 44,02,04
2/2/21,13 37 38 40 67,10,02
1/29/21,04 44 58 59 70,03,03
1/26/21,29 49 56 66 67,24,03
1/22/21,04 26 42 50 60,24,02
1/19/21,10 19 26 28 50,16,02
1/15/21,03 11 12 38 43,15,04
1/12/21,12 14 26 28 33,09,02
1/8/21,03 06 16 18 58,11,02
1/5/21,20 43 51 55 57,04,02
1/1/21,08 24 53 68 69,07,05
12/29/20,01 31 35 48 62,19,03
12/25/20,17 23 36 69 70,19,02
12/22/20,29 53 56 59 67,21,02
12/18/20,07 15 25 51 60,05,03
12/15/20,01 10 18 20 46,15,02
12/11/20,19 31 37 55 67,25,04
12/8/20,15 19 33 39 68,25,03
12/4/20,03 19 24 44 50,08,03
12/1/20,07 33 53 61 65,14,02
11/27/20,04 10 27 35 58,10,02
11/24/20,09 15 34 61 64,06,02
11/20/20,26 33 45 61 68,17,03
11/17/20,08 13 35 46 68,16,03
11/13/20,06 07 14 28 59,07,02
11/10/20,23 45 53 58 62,13,05
11/6/20,18 24 27 34 60,02,02
11/3/20,07 31 44 45 55,19,03
10/30/20,14 19 34 39 59,11,02
10/27/20,06 13 34 46 62,01,03
10/23/20,18 34 44 60 69,22,02
10/20/20,46 54 57 58 66,10,03
10/16/20,27 32 50 52 57,12,05
10/13/20,11 44 45 46 70,25,02
10/9/20,05 11 25 27 64,13,02
10/6/20,15 16 18 39 59,17,03
10/2/20,09 38 47 49 68,25,02
9/29/20,14 39 43 44 67,19,03
9/25/20,20 36 37 48 67,16,02
9/22/20,36 43 44 55 68,12,4
9/18/20,26 29 41 52 64,11,3
9/15/20,25 28 38 59 62,22,4
9/11/20,03 15 42 48 56,13,2
9/8/20,07 10 15 31 57,21,2
9/4/20,19 22 24 28 53,25,3
9/1/20,15 25 26 38 47,22,4
8/28/20,03 09 50 53 64,1,3
8/25/20,08 10 15 17 57,12,3
8/21/20,11 15 31 42 63,14,2
8/18/20,04 18 26 27 58,23,4
8/14/20,03 24 29 42 47,13,2
8/11/20,08 22 29 43 56,9,4
8/7/20,04 44 53 64 70,3,2
8/4/20,02 22 30 42 62,20,3
7/31/20,12 35 46 48 69,23,2
7/28/20,17 20 27 31 34,19,4
7/24/20,08 33 39 54 58,17,3
7/21/20,14 25 26 41 43,15,3
7/17/20,12 13 21 46 57,21,3
7/14/20,06 26 55 56 64,22,4
7/10/20,10 15 20 49 53,22,5
7/7/20,16 20 25 30 43,18,3
7/3/20,20 40 44 45 50,24,2
6/30/20,09 16 29 37 53,11,2
6/26/20,19 33 37 56 57,6,2
6/23/20,06 20 37 40 48,15,3
6/19/20,11 34 36 52 66,7,2
6/16/20,21 23 33 35 42,6,3
6/12/20,09 14 57 67 70,2,3
6/9/20,01 05 09 10 23,22,2
6/5/20,32 35 37 47 55,22,3
6/2/20,09 20 23 26 29,8,3
5/29/20,10 13 32 41 51,3,2
5/26/20,34 52 58 59 62,4,3
5/22/20,08 10 20 44 46,18,4
5/19/20,08 19 25 36 66,9,2
5/15/20,11 17 32 33 46,25,3
5/12/20,07 16 27 44 52,5,5
5/8/20,05 20 22 61 70,4,2
5/5/20,07 13 17 21 45,14,2
5/1/20,28 30 31 35 66,14,2
4/28/20,13 19 53 54 63,17,3
4/24/20,01 27 32 60 67,18,2
4/21/20,13 15 24 67 70,17,2
4/17/20,13 35 39 46 55,14,4
4/14/20,29 47 65 69 70,7,4
4/10/20,02 11 21 57 60,13,2
4/7/20,25 33 43 51 68,20,2
4/3/20,24 38 44 57 58,17,4
3/31/20,08 17 51 57 70,2,4
3/27/20,03 25 28 50 60,1,4
3/24/20,02 08 16 18 31,14,2
3/20/20,34 35 41 45 54,5,4
3/17/20,20 27 28 58 59,25,3
3/13/20,07 22 37 43 44,22,4
3/10/20,06 17 48 54 69,12,5
3/6/20,15 48 56 58 70,4,4
3/3/20,08 12 33 56 64,2,2
2/28/20,02 03 14 41 64,17,2
2/25/20,02 09 43 49 63,15,2
2/21/20,04 07 13 16 60,6,4
2/18/20,06 12 39 61 70,4,3
2/14/20,10 32 48 54 55,18,5
2/11/20,04 06 32 52 64,6,2
2/7/20,09 14 27 36 52,4,3
2/4/20,32 48 50 51 64,10,2
1/31/20,28 31 33 57 62,19,2
1/28/20,17 36 47 51 62,21,3
1/24/20,03 04 18 23 38,24,4
1/21/20,16 18 29 31 37,8,3
1/17/20,03 25 30 54 70,9,3
1/14/20,09 11 13 31 47,11,2
1/10/20,17 27 49 51 66,2,2
1/7/20,25 40 41 52 56,21,4
1/3/20,37 41 42 53 63,16,2
12/31/19,30 44 49 53 56,11,3
12/27/19,17 34 40 63 64,24,4
12/24/19,27 37 48 63 66,11,2
12/20/19,03 20 23 35 60,16,3
12/17/19,22 30 53 55 56,16,2
12/13/19,17 21 29 39 56,22,3
12/10/19,18 31 46 54 61,25,2
12/6/19,20 31 40 46 61,20,5
12/3/19,23 43 60 63 69,19,2
11/29/19,06 08 31 50 65,9,2
11/26/19,08 27 29 38 43,13,2
11/22/19,07 12 17 49 53,24,4
11/19/19,22 43 44 47 66,22,3
11/15/19,12 19 34 35 68,20,2
11/12/19,19 30 44 56 65,24,2
11/8/19,03 04 10 39 58,14,3
11/5/19,02 09 24 49 54,19,3
11/1/19,09 20 36 41 54,22,2
10/29/19,04 09 17 27 39,22,2
10/25/19,16 24 25 52 60,6,3
10/22/19,05 11 14 23 25,10,4
10/18/19,18 58 60 65 67,20,3
10/15/19,04 12 14 35 70,2,2
10/11/19,14 22 30 37 60,8,3
10/8/19,05 08 10 17 48,23,3
10/4/19,11 38 44 48 70,17,2
10/1/19,10 17 39 42 59,3,2
9/27/19,12 20 31 43 45,20,3
9/24/19,06 14 24 42 46,9,4
9/20/19,23 24 42 48 53,22,2
9/17/19,12 15 30 50 65,1,4
9/13/19,06 16 37 59 62,5,2
9/10/19,34 47 48 50 55,24,2
9/6/19,04 11 13 19 31,10,4
9/3/19,13 20 27 61 62,5,2
8/30/19,03 09 11 34 39,10,4
8/27/19,08 12 23 39 43,6,2
8/23/19,11 15 37 54 68,21,2
8/20/19,08 14 25 51 63,4,3
8/16/19,04 14 24 26 46,14,2
8/13/19,07 27 31 34 51,5,3
8/9/19,15 53 56 59 63,1,2
8/6/19,11 17 31 43 55,16,2
8/2/19,11 20 26 48 70,19,2
7/30/19,10 24 28 33 38,6,3
7/26/19,04 06 11 43 48,11,3
7/23/19,01 04 23 40 45,11,2
7/19/19,16 18 28 33 67,14,3
7/16/19,08 16 31 48 52,23,3
7/12/19,08 25 38 56 59,7,2
7/9/19,12 26 40 48 64,1,2
7/5/19,06 38 47 57 63,12,2
7/2/19,03 25 37 40 55,13,2
6/28/19,02 35 49 53 63,1,2
6/25/19,24 33 45 47 61,17,3
6/21/19,13 30 36 48 62,18,3
6/18/19,12 14 22 24 48,21,2
6/14/19,19 40 47 57 65,6,2
6/11/19,20 34 39 43 57,13,3
6/7/19,17 19 27 40 68,2,3
6/4/19,25 37 46 48 68,25,2
5/31/19,07 08 26 65 67,4,3
5/28/19,09 21 34 42 50,21,2
5/24/19,14 41 44 56 62,10,2
5/21/19,10 50 55 56 58,15,5
5/17/19,05 17 28 32 63,11,3
5/14/19,11 59 66 67 68,18,4
5/10/19,03 16 21 61 62,19,2
5/7/19,03 06 34 54 63,19,3
5/3/19,08 16 22 66 68,11,2
4/30/19,24 37 41 61 70,20,3
4/26/19,09 17 23 30 46,10,4
4/23/19,07 24 30 48 67,9,4
4/19/19,18 25 43 44 57,25,4
4/16/19,11 29 34 48 54,10,2
4/12/19,01 24 25 40 70,4,2
4/9/19,11 22 34 44 58,9,2
4/5/19,08 22 24 38 64,21,2
4/2/19,33 47 58 59 64,25,3
3/29/19,05 14 15 62 66,3,3
3/26/19,04 14 22 43 58,9,3
3/22/19,07 36 58 60 62,10,3
3/19/19,10 42 53 67 68,15,3
3/15/19,03 29 56 62 64,4,3
3/12/19,10 12 16 49 57,18,4
3/8/19,04 09 42 62 68,7,4
3/5/19,15 20 32 37 52,6,3
3/1/19,29 33 39 60 66,21,2
2/26/19,10 12 14 24 60,20,3
2/22/19,18 24 31 34 55,4,4
2/19/19,17 24 34 56 65,3,2
2/15/19,10 38 40 43 65,12,2
2/12/19,15 32 39 50 65,7,3
2/8/19,14 24 31 42 48,13,3
2/5/19,03 34 36 59 66,7,2
2/1/19,02 37 48 66 68,11,5
1/29/19,10 33 53 54 62,22,2
1/25/19,08 16 30 38 61,10,2
1/22/19,04 15 37 59 64,16,5
1/18/19,02 43 48 62 64,24,3
1/15/19,29 52 58 60 62,7,2
1/11/19,04 05 31 62 69,20,3
1/8/19,13 26 29 38 64,5,5
1/4/19,21 29 35 54 60,15,4
1/1/19,34 44 57 62 70,14,4
12/28/18,09 10 25 37 38,21,2
12/25/18,02 08 42 43 50,6,3
12/21/18,10 13 61 62 70,5,3
12/18/18,13 22 32 60 69,9,3
12/14/18,05 22 26 43 49,23,4
12/11/18,04 38 39 54 59,12,2
12/7/18,04 10 20 33 57,13,3
12/4/18,28 31 41 42 50,4,3
11/30/18,25 28 40 43 63,19,3
11/27/18,12 24 37 42 57,18,4
11/23/18,07 10 30 33 59,23,4
11/20/18,10 16 31 42 66,10,3
11/16/18,33 36 63 68 69,16,3
11/13/18,34 46 57 65 69,11,3
11/9/18,08 14 27 57 67,5,4
11/6/18,28 34 37 56 69,12,2
11/2/18,03 23 28 46 62,16,2
10/30/18,20 31 39 46 49,23,2
10/26/18,01 28 61 62 63,5,4
10/23/18,05 28 62 65 70,5,3
10/19/18,15 23 53 65 70,7,2
10/16/18,03 45 49 61 69,9,5
10/12/18,04 24 46 61 70,7,3
10/9/18,20 22 39 54 60,18,3
10/5/18,27 28 32 41 69,12,2
10/2/18,02 22 29 31 34,1,3
9/28/18,39 45 52 56 59,15,3
9/25/18,08 16 32 48 61,12,2
9/21/18,01 02 11 52 64,9,4
9/18/18,31 32 43 63 68,17,2
9/14/18,23 30 40 43 66,13,4
9/11/18,15 30 51 62 67,19,2
9/7/18,08 10 41 54 68,10,2
9/4/18,02 07 25 35 44,3,3
8/31/18,07 18 29 32 45,17,3
8/28/18,03 20 33 34 41,20,3
8/24/18,01 06 13 18 49,8,2
8/21/18,14 16 19 38 57,11,3
8/17/18,01 31 32 47 56,3,2
8/14/18,11 26 44 45 46,11,2
8/10/18,01 03 12 22 42,6,5
8/7/18,02 13 15 21 62,2,5
8/3/18,09 28 30 54 60,2,2
7/31/18,12 15 35 64 69,9,2
7/27/18,01 32 40 49 63,20,3
7/24/18,01 02 04 19 29,20,3
7/20/18,01 14 30 44 62,1,2
7/17/18,40 41 61 66 67,12,5
7/13/18,21 22 39 59 68,2,2
7/10/18,01 17 28 56 70,14,3
7/6/18,02 10 46 50 56,16,3
7/3/18,13 35 45 49 68,23,2
6/29/18,02 32 47 49 68,23,4
6/26/18,17 25 29 39 60,19,2
6/22/18,02 06 11 27 44,20,2
6/19/18,11 13 28 65 70,14,3
6/15/18,01 11 37 47 51,6,2
6/12/18,01 03 05 08 70,3,2
6/8/18,14 30 33 44 56,13,2
6/5/18,22 33 41 48 52,4,2
6/1/18,05 24 52 62 66,17,3
5/29/18,02 11 55 58 67,2,3
5/25/18,11 14 51 64 68,25,4
5/22/18,16 17 21 36 48,9,3
5/18/18,09 26 53 64 66,11,2
5/15/18,21 34 44 49 61,21,2
5/11/18,14 38 40 53 70,22,3
5/8/18,08 15 39 64 67,13,2
5/4/18,04 05 10 12 18,21,4
5/1/18,02 07 20 55 70,1,4
4/27/18,02 29 38 63 66,11,2
4/24/18,03 19 31 32 48,10,3
4/20/18,01 15 18 32 45,4,2
4/17/18,12 34 44 47 65,22,4
4/13/18,08 09 32 42 59,10,4
4/10/18,05 13 31 43 53,20,2
4/6/18,16 33 51 54 67,20,4
4/3/18,04 29 39 42 62,14,2
3/30/18,11 28 31 46 59,1,3
3/27/18,07 25 43 56 59,13,3
3/23/18,04 08 23 53 59,17,3
3/20/18,14 38 51 64 70,9,3
3/16/18,01 13 26 33 52,11,3
3/13/18,06 30 58 60 61,17,5
3/9/18,07 17 18 46 66,22,4
3/6/18,01 04 26 35 39,22,5
3/2/18,24 28 42 60 64,8,4
2/27/18,10 17 21 38 43,23,3
2/23/18,07 11 13 19 58,9,4
2/20/18,17 19 23 24 43,14,3
2/16/18,14 38 48 53 58,16,3
2/13/18,05 12 15 46 49,1,4
2/9/18,28 34 41 46 47,14,3
2/6/18,14 17 25 48 58,25,3
2/2/18,01 04 14 17 40,4,3
1/30/18,29 41 42 49 57,24,3
1/26/18,10 16 27 38 43,1,4
1/23/18,02 06 30 31 55,7,4
1/19/18,03 17 23 49 66,23,3
1/16/18,03 11 23 29 59,18,3
1/12/18,17 18 33 46 60,24,4
1/9/18,16 29 31 65 67,23,3
1/5/18,28 30 39 59 70,10,3
1/2/18,01 42 47 64 70,22,4
12/29/17,04 10 18 28 62,7,2
12/26/17,10 12 20 38 41,25,4
12/22/17,01 20 30 33 42,16,4
12/19/17,28 37 39 42 58,2,3
12/15/17,04 12 36 44 57,19,4
12/12/17,08 23 24 25 27,9,2
12/8/17,06 37 46 60 70,24,2
12/5/17,14 15 37 42 67,22,4
12/1/17,16 22 40 41 59,8,4
11/28/17,10 17 47 51 61,5,2
11/24/17,16 36 54 61 64,22,3
11/21/17,03 07 22 27 50,3,3
11/17/17,03 26 55 58 70,15,4
11/14/17,01 14 21 22 28,19,3
11/10/17,06 23 38 42 58,24,2
11/7/17,01 54 60 68 69,11,4
11/3/17,10 22 42 61 69,3,2
10/31/17,06 28 31 52 53,12,4
10/27/17,17 27 41 51 52,13,5
10/24/17,20 24 34 56 64,6,4
10/20/17,06 23 63 66 73,9,2
10/17/17,31 45 49 56 70,11,5
10/13/17,02 07 18 26 31,12,2
10/10/17,07 16 24 61 62,2,5
10/6/17,21 33 36 45 56,12,5
10/3/17,12 18 19 25 67,7,5
9/29/17,25 51 62 73 74,7,5
9/26/17,01 10 57 66 75,4,4
9/22/17,05 39 54 63 66,15,5
9/19/17,09 28 31 50 61,10,2
9/15/17,18 24 34 38 58,3,4
9/12/17,26 37 41 54 65,3,4
9/8/17,04 05 14 26 73,14,3
9/5/17,11 17 59 70 72,1,3
9/1/17,04 13 31 50 64,12,5
8/29/17,02 13 17 35 73,3,3
8/25/17,17 38 42 51 65,11,5
8/22/17,24 35 46 50 51,7,4
8/18/17,01 31 34 40 75,6,3
8/15/17,07 16 20 66 73,7,2
8/11/17,23 33 53 56 58,6,5
8/8/17,11 17 50 52 74,14,2
8/4/17,09 17 25 63 71,4,5
8/1/17,20 22 52 57 73,7,5
7/28/17,04 06 31 49 52,11,3
7/25/17,02 05 26 58 60,6,3
7/21/17,18 31 36 50 74,10,4
7/18/17,08 12 23 51 73,6,4
7/14/17,11 12 24 32 73,1,4
7/11/17,07 18 24 55 74,10,2
7/7/17,02 09 11 28 60,10,5
7/4/17,16 39 47 53 71,15,4
6/30/17,10 38 51 55 64,6,5
6/27/17,04 21 45 52 57,14,4
6/23/17,12 20 53 66 74,11,2
6/20/17,02 15 41 49 63,3,3
6/16/17,18 22 26 30 44,9,5
6/13/17,27 51 62 68 75,8,3
6/9/17,03 16 28 33 37,9,5
6/6/17,03 05 16 49 75,5,3
6/2/17,07 42 57 69 72,10,3
5/30/17,05 20 32 37 67,5,5
5/26/17,25 26 28 37 56,5,3
5/23/17,06 13 17 33 60,14,2
5/19/17,01 04 05 24 30,1,3
5/16/17,04 35 39 56 72,11,5
5/12/17,28 34 41 42 47,13,4
5/9/17,06 29 45 69 73,11,5
5/5/17,04 23 33 47 53,7,4
5/2/17,05 14 42 43 58,1,4
4/28/17,06 13 18 20 31,13,4
4/25/17,03 13 33 40 50,2,4
4/21/17,01 12 13 32 34,10,2
4/18/17,08 29 30 43 64,6,3
4/14/17,05 10 55 60 73,12,5
4/11/17,19 34 35 38 49,8,5
4/7/17,30 33 43 47 69,15,5
4/4/17,13 24 34 35 55,9,5
3/31/17,17 24 27 32 58,10,3
3/28/17,30 33 35 37 46,10,5
3/24/17,05 28 37 61 69,1,5
3/21/17,04 45 53 73 75,7,3
3/17/17,11 27 31 58 60,10,4
3/14/17,16 23 28 33 59,13,3
3/10/17,26 38 42 58 70,5,5
3/7/17,03 30 45 53 68,11,3
3/3/17,14 26 39 48 51,9,5
2/28/17,20 33 45 58 69,4,2
2/24/17,12 29 33 42 68,14,3
2/21/17,09 21 30 32 75,9,5
2/17/17,04 56 58 67 75,8,5
2/14/17,07 11 33 60 68,15,5
2/10/17,32 39 51 62 75,14,5
2/7/17,23 28 37 56 71,12,5
2/3/17,03 06 29 30 64,3,5
1/31/17,03 14 27 62 72,4,3
1/27/17,17 37 53 54 61,8,3
1/24/17,08 42 54 63 67,11,4
1/20/17,07 09 24 41 53,14,3
1/17/17,20 31 54 56 59,3,5
1/13/17,10 44 58 74 75,11,3
1/10/17,11 20 40 41 59,15,5
1/6/17,06 10 44 47 54,6,5
1/3/17,14 16 23 49 53,12,2
12/30/16,06 21 33 39 43,2,2
12/27/16,02 28 30 38 39,11,4
12/23/16,21 30 39 60 69,15,5
12/20/16,01 12 14 48 65,2,5
12/16/16,01 08 15 36 43,6,5
12/13/16,02 15 26 34 41,14,5
12/9/16,19 27 47 67 68,1,5
12/6/16,13 34 48 53 63,12,4
12/2/16,03 33 35 49 51,1,2
11/29/16,22 33 49 51 59,8,4
11/25/16,44 47 49 69 75,10,3
11/22/16,01 43 45 66 69,7,5
11/18/16,31 32 49 55 58,15,5
11/15/16,09 17 23 57 71,6,3
11/11/16,16 40 47 53 59,11,5
11/8/16,46 48 53 61 74,12,4
11/4/16,10 29 32 44 46,10,3
11/1/16,19 24 31 39 45,13,2
10/28/16,07 38 46 57 66,2,5
10/25/16,08 09 24 49 67,13,3
10/21/16,12 43 44 48 66,3,4
10/18/16,07 24 28 65 74,1,2
10/14/16,07 27 60 64 74,5,3
10/11/16,36 39 42 45 48,3,2
10/7/16,24 37 42 50 65,14,2
10/4/16,18 29 30 54 66,1,5
9/30/16,21 30 47 50 57,9,5
9/27/16,14 16 26 53 72,4,4
9/23/16,01 05 08 25 62,14,3
9/20/16,02 22 34 62 72,2,5
9/16/16,13 21 28 34 40,15,3
9/13/16,06 15 17 39 56,15,3
9/9/16,01 34 43 44 63,11,4
9/6/16,25 37 58 69 75,8,3
9/2/16,22 28 41 46 60,3,3
8/30/16,28 32 41 51 71,11,4
8/26/16,10 11 31 41 44,14,2
8/23/16,02 07 46 61 66,1,2
8/19/16,22 37 45 65 73,13,5
8/16/16,02 43 52 62 63,6,5
8/12/16,04 41 44 56 69,10,4
8/9/16,12 19 20 44 66,1,5
8/5/16,05 18 28 54 74,6,4
8/2/16,03 12 36 54 70,12,5
7/29/16,11 16 19 31 48,4,5
7/26/16,01 04 31 36 54,9,3
7/22/16,08 24 25 26 30,7,4
7/19/16,03 34 54 65 66,4,5
7/15/16,16 51 52 56 58,4,2
7/12/16,06 08 22 46 68,4,4
7/8/16,08 19 20 55 73,5,2
7/5/16,29 46 53 64 73,10,5
7/1/16,20 41 42 45 49,14,2
6/28/16,15 17 20 35 55,7,2
6/24/16,11 14 54 57 63,11,5
6/21/16,06 13 21 49 50,10,5
6/17/16,20 23 30 44 59,9,5
6/14/16,36 37 38 52 62,6,5
6/10/16,34 61 66 67 68,7,5
6/7/16,25 48 51 65 72,4,4
6/3/16,32 54 65 66 71,10,3
5/31/16,09 31 34 41 49,8,5
5/27/16,18 41 50 68 70,9,3
5/24/16,11 50 51 70 75,15,4
5/20/16,19 24 26 40 68,8,2
5/17/16,17 24 27 48 75,6,3
5/13/16,20 21 38 54 66,7,4
5/10/16,12 22 46 56 74,4,3
5/6/16,14 26 27 32 36,7,4
5/3/16,28 29 33 36 45,15,5
4/29/16,05 06 37 55 74,10,5
4/26/16,14 16 17 28 48,2,2
4/22/16,02 19 21 42 60,13,5
4/19/16,09 28 40 57 65,2,5
4/15/16,09 10 34 37 73,9,5
4/12/16,07 11 59 62 63,3,5
4/8/16,31 38 52 65 71,15,3
4/5/16,13 45 52 53 57,10,5
4/1/16,25 28 33 41 69,6,2
3/29/16,33 38 40 46 49,15,5
3/25/16,04 11 12 35 46,12,2
3/22/16,06 19 34 38 70,5,5
3/18/16,05 08 57 59 73,13,5
3/15/16,18 26 30 44 68,7,4
3/11/16,14 18 48 54 71,13,4
3/8/16,27 37 54 66 69,5,5
3/4/16,21 26 33 48 73,14,4
3/1/16,01 29 33 34 55,6,5
2/26/16,03 15 19 62 74,14,4
2/23/16,16 32 39 53 57,10,5
2/19/16,02 27 41 50 75,4,4
2/16/16,09 31 33 46 64,4,3
2/12/16,01 07 44 68 73,1,3
2/9/16,03 42 46 56 71,13,4
2/5/16,04 06 23 55 75,2,3
2/2/16,07 13 25 51 70,9,4
1/29/16,20 28 49 51 52,6,2
1/26/16,14 27 39 50 69,2,2
1/22/16,21 25 40 46 56,3,5
1/19/16,02 17 31 39 47,9,2
1/15/16,29 41 53 54 70,12,2
1/12/16,15 27 29 31 48,15,4
1/8/16,11 39 51 57 75,2,5
1/5/16,01 04 36 48 57,13,5
1/1/16,07 18 37 38 39,9,5
12/29/15,20 25 55 62 74,7,3
12/25/15,15 25 29 44 51,4,4
12/22/15,11 21 40 50 70,15,3
12/18/15,06 23 24 28 62,7,5
12/15/15,18 25 47 51 61,5,5
12/11/15,14 20 43 54 69,5,4
12/8/15,07 17 37 49 73,15,3
12/4/15,26 42 47 61 73,6,5
12/1/15,05 07 25 50 59,12,2
11/27/15,16 20 39 56 59,12,3
11/24/15,02 19 30 38 70,8,4
11/20/15,09 12 29 37 67,15,2
11/17/15,12 14 18 24 61,10,3
11/13/15,17 18 31 35 59,9,5
11/10/15,08 17 20 45 71,4,4
11/6/15,10 31 35 50 72,8,3
11/3/15,16 29 44 69 74,12,5
10/30/15,17 41 51 53 56,15,5
10/27/15,09 26 27 29 74,4,3
10/23/15,25 32 37 45 70,1,5
10/20/15,06 25 35 38 52,4,4
10/16/15,02 38 48 61 68,4,3
10/13/15,07 09 24 38 52,1,5
10/9/15,08 09 21 63 75,14,4
10/6/15,17 58 63 64 66,13,3
10/2/15,04 14 29 31 47,9,2
9/29/15,08 21 30 61 62,9,3
9/25/15,03 08 38 51 64,4,5
9/22/15,28 30 38 45 51,8,5
9/18/15,17 34 35 51 65,7,3
9/15/15,07 20 35 49 56,9,4
9/11/15,05 11 31 50 67,14,2
9/8/15,19 20 36 41 46,7,3
9/4/15,17 21 39 52 57,5,5
9/1/15,02 05 35 40 54,13,5
8/28/15,13 35 40 60 68,9,4
8/25/15,05 44 54 59 63,1,5
8/21/15,13 15 21 41 72,1,5
8/18/15,02 07 33 39 53,9,3
8/14/15,12 15 20 52 71,3,4
8/11/15,03 08 29 57 68,8,4
8/7/15,01 38 53 63 66,10,3
8/4/15,02 19 44 51 57,14,2
7/31/15,28 32 33 40 46,10,4
7/28/15,08 35 61 68 75,15,5
7/24/15,10 12 26 60 62,13,5
7/21/15,20 30 62 65 74,1,5
7/17/15,06 17 30 31 41,15,3
7/14/15,19 24 30 35 72,5,3
7/10/15,24 27 45 51 54,8,3
7/7/15,06 15 16 28 49,14,3
7/3/15,33 50 64 71 72,9,4
6/30/15,11 17 34 43 50,15,4
6/26/15,12 23 33 47 50,3,5
6/23/15,06 13 38 56 70,2,5
6/19/15,04 35 36 52 68,8,3
6/16/15,08 19 26 56 67,14,2
6/12/15,01 40 42 56 62,2,5
6/9/15,06 16 17 25 36,7,5
6/5/15,07 22 27 41 49,10,4
6/2/15,02 09 11 22 23,12,4
5/29/15,20 27 38 49 66,2,4
5/26/15,01 39 52 69 72,12,4
5/22/15,03 14 15 25 48,8,5
5/19/15,10 12 21 29 65,10,5
5/15/15,11 17 21 36 74,15,5
5/12/15,14 30 33 36 44,2,5
5/8/15,09 21 25 66 72,7,3
5/5/15,11 21 42 62 71,7,5
5/1/15,17 18 61 66 74,3,3
4/28/15,22 27 55 58 63,11,5
4/24/15,24 25 29 47 67,4,4
4/21/15,31 33 35 41 69,11,5
4/17/15,15 18 29 41 50,5,2
4/14/15,03 07 25 68 71,3,5
4/10/15,06 11 32 46 68,9,2
4/7/15,05 15 22 26 64,6,4
4/3/15,10 36 47 63 74,2,5
3/31/15,08 26 41 61 73,11,5
3/27/15,17 21 36 58 70,3,5
3/24/15,02 23 32 45 55,12,2
3/20/15,07 50 54 61 75,7,4
3/17/15,11 27 44 45 58,3,5
3/13/15,08 22 30 42 45,3,5
3/10/15,10 14 19 30 73,14,5
3/6/15,30 48 55 68 73,5,3
3/3/15,09 11 42 44 50,3,4
2/27/15,07 49 53 60 64,4,2
2/24/15,15 23 26 45 66,4,3
2/20/15,02 06 08 52 66,13,3
2/17/15,06 45 50 65 66,1,5
2/13/15,04 20 44 65 74,14,3
2/10/15,07 42 53 58 71,15,2
2/6/15,05 06 17 33 68,13,3
2/3/15,11 22 25 58 69,13,5
1/30/15,18 31 39 45 55,6,5
1/27/15,05 26 27 44 57,7,3
1/23/15,14 15 32 68 72,8,2
1/20/15,31 35 56 59 63,6,5
1/16/15,26 32 44 45 58,11,3
1/13/15,12 20 25 50 51,7,5
1/9/15,37 49 50 56 57,8,5
1/6/15,12 20 27 38 75,4,3
1/2/15,13 15 35 62 74,12,4
12/30/14,03 07 44 63 67,12,4
12/26/14,02 05 10 20 38,14,3
12/23/14,04 10 31 56 66,7,3
12/19/14,14 18 58 59 68,4,3
12/16/14,41 58 68 72 73,1,5
12/12/14,02 31 46 58 65,7,5
12/9/14,27 45 49 51 52,14,5
12/5/14,04 05 11 51 59,5,5
12/2/14,13 18 22 49 62,11,5
11/28/14,08 26 29 36 47,10,3
11/25/14,10 11 29 47 56,4,2
11/21/14,03 12 35 37 63,15,2
11/18/14,37 39 53 68 75,6,2
11/14/14,03 49 61 62 68,15,5
11/11/14,23 25 28 30 75,11,5
11/7/14,31 35 41 65 66,5,5
11/4/14,09 15 24 39 41,1,4
10/31/14,11 29 36 58 67,15,2
10/28/14,03 50 57 58 60,11,5
10/24/14,02 14 21 28 55,3,3
10/21/14,05 35 37 41 66,11,5
10/17/14,21 31 43 56 60,12,4
10/14/14,11 37 46 64 68,15,3
10/10/14,02 32 35 50 59,3,5
10/7/14,16 29 46 48 55,2,3
10/3/14,03 20 34 58 67,6,3
9/30/14,03 16 52 54 61,6,5
9/26/14,17 26 35 46 62,9,5
9/23/14,21 24 25 40 43,12,5
9/19/14,16 25 27 29 34,2,2
9/16/14,25 45 51 53 73,2,2
9/12/14,18 28 33 36 42,7,3
9/9/14,25 34 55 70 71,1,4
9/5/14,07 12 20 24 59,7,2
9/2/14,01 08 54 69 72,1,3
8/29/14,03 26 45 58 73,12,2
8/26/14,29 31 51 60 64,1,5
8/22/14,05 31 34 41 74,3,5
8/19/14,22 39 56 67 71,15,4
8/15/14,16 19 28 29 68,9,2
8/12/14,32 53 60 63 68,6,4
8/8/14,09 16 61 70 75,7,5
8/5/14,25 28 36 45 53,6,5
8/1/14,13 29 34 37 72,6,5
7/29/14,02 08 16 43 74,1,4
7/25/14,22 29 33 41 68,12,5
7/22/14,14 18 22 31 47,15,3
7/18/14,05 08 59 65 72,3,3
7/15/14,02 04 17 36 40,5,2
7/11/14,09 13 30 35 69,10,5
7/8/14,14 25 27 48 49,9,5
7/4/14,16 33 39 58 69,2,5
7/1/14,09 22 38 47 49,15,3
6/27/14,15 29 31 46 64,10,3
6/24/14,13 17 24 47 65,10,4
6/20/14,01 22 25 29 56,3,5
6/17/14,10 14 24 47 60,3,4
6/13/14,07 38 46 49 56,1,5
6/10/14,02 10 24 26 74,7,5
6/6/14,12 29 37 49 72,9,4
6/3/14,19 28 62 66 74,6,3
5/30/14,10 13 42 43 62,2,4
5/27/14,01 06 10 46 58,13,2
5/23/14,12 14 21 38 70,15,4
5/20/14,10 40 63 64 69,7,2
5/16/14,13 14 16 50 56,11,5
5/13/14,37 46 48 70 74,1,2
5/9/14,10 28 39 51 59,14,2
5/6/14,18 20 27 48 51,5,3
5/2/14,01 18 26 35 40,13,5
4/29/14,07 43 59 61 66,3,3
4/25/14,03 11 18 20 66,9,2
4/22/14,02 18 19 49 50,1,3
4/18/14,18 25 38 45 63,9,2
4/15/14,04 39 46 47 70,13,3
4/11/14,03 42 44 47 57,8,5
4/8/14,35 36 41 60 71,3,3
4/4/14,01 10 15 41 54,9,2
4/1/14,10 23 68 74 75,9,5
3/28/14,02 03 09 50 73,12,3
3/25/14,19 26 51 57 73,15,3
3/21/14,02 23 30 35 53,10,5
3/18/14,11 19 24 33 51,7,3
3/14/14,07 20 40 54 69,12,3
3/11/14,09 14 56 57 69,10,4
3/7/14,11 13 51 57 69,1,4
3/4/14,10 29 31 35 45,10,2
2/28/14,03 31 50 58 59,6,4
2/25/14,12 18 25 35 66,15,5
2/21/14,23 29 32 45 46,15,5
2/18/14,23 29 31 37 70,14,5
2/14/14,20 28 35 71 72,7,3
2/11/14,43 64 67 71 73,4,2
2/7/14,11 21 23 35 64,10,3
2/4/14,25 44 49 60 73,9,3
1/31/14,03 09 13 47 52,8,4
1/28/14,07 16 28 53 60,2,3
1/24/14,22 45 46 47 65,10,5
1/21/14,08 23 33 45 52,4,4
1/17/14,01 10 26 31 51,11,4
1/14/14,04 23 26 62 69,13,3
1/10/14,08 28 36 37 57,8,3
1/7/14,13 34 56 62 64,6,5
1/3/14,22 24 25 40 70,5,5
12/31/13,08 12 34 52 58,8,3
12/27/13,04 15 35 48 49,11,5
12/24/13,23 34 53 58 73,2,3
12/20/13,03 04 31 49 57,6,2
12/17/13,08 14 17 20 39,7,4
12/13/13,19 24 26 27 70,12,2
12/10/13,05 12 22 41 65,13,2
12/6/13,11 29 44 63 64,3,3
12/3/13,07 12 41 44 59,3,3
11/29/13,09 41 43 47 57,5,4
11/26/13,27 44 59 74 75,3,5
11/22/13,17 23 35 36 44,8,3
11/19/13,14 15 29 49 63,2,3
11/15/13,25 44 49 54 63,8,4
11/12/13,20 30 32 42 71,15,5
11/8/13,41 42 51 57 65,7,2
11/5/13,02 11 42 64 74,2,5
11/1/13,32 35 49 62 67,1,5
10/29/13,20 33 50 53 54,7,3
10/25/13,06 16 45 54 60,15,2
10/22/13,02 03 19 52 71,14,5
10/15/13,04 23 30 43 50,11,4
10/11/13,03 27 37 45 48,46,4
10/8/13,06 15 19 23 40,5,3
10/4/13,04 16 24 25 44,5,3
10/1/13,07 10 30 37 53,1,3
9/27/13,09 23 27 49 51,38,2
9/24/13,04 11 32 39 40,33,3
9/20/13,01 15 20 21 47,34,2
9/17/13,06 15 27 31 39,25,2
9/13/13,09 22 28 48 54,8,4
9/10/13,02 12 18 54 56,1,3
9/6/13,02 16 17 22 41,31,4
9/3/13,04 13 14 28 41,28,3
8/30/13,06 19 24 43 44,33,2
8/27/13,04 07 30 36 38,38,4
8/23/13,01 09 17 20 53,14,4
8/20/13,13 28 35 38 41,33,3
8/16/13,07 13 26 36 46,37,4
8/13/13,02 31 32 37 41,40,4
8/9/13,11 20 30 34 38,12,3
8/6/13,01 11 16 51 55,41,3
8/2/13,08 21 23 25 39,4,2
7/30/13,25 27 36 42 44,39,3
7/26/13,04 22 23 27 38,42,4
7/23/13,25 32 35 50 51,46,3
7/19/13,16 20 24 39 42,46,3
7/16/13,10 14 21 40 53,20,2
7/12/13,04 05 25 27 51,10,3
7/9/13,03 21 43 45 48,14,2
7/5/13,02 23 41 47 54,42,4
7/2/13,36 42 51 52 53,40,4
6/28/13,08 15 35 46 52,38,4
6/25/13,03 05 28 33 51,16,2
6/21/13,03 14 17 40 50,3,3
6/18/13,06 17 34 40 48,30,2
6/14/13,02 05 31 33 34,20,4
6/11/13,15 40 45 50 53,28,4
6/7/13,01 10 37 48 55,21,4
6/4/13,10 11 12 20 55,19,3
5/31/13,02 20 26 44 46,26,3
5/28/13,04 12 25 32 54,36,4
5/24/13,04 05 16 18 53,28,4
5/21/13,02 15 17 48 55,11,4
5/17/13,11 15 35 43 49,41,4
5/14/13,06 10 12 28 32,38,4
5/10/13,01 19 20 39 49,28,4
5/7/13,01 06 13 20 51,31,4
5/3/13,02 20 34 42 54,39,2
4/30/13,21 30 34 39 49,43,3
4/26/13,17 42 49 54 55,31,4
4/23/13,09 21 22 32 50,10,3
4/19/13,06 08 12 22 43,28,4
4/16/13,02 05 15 18 39,42,2
4/12/13,01 10 13 19 21,28,3
4/9/13,17 30 41 48 54,13,4
4/5/13,08 15 23 36 41,5,3
4/2/13,07 10 14 40 47,34,4
3/29/13,25 31 36 46 53,21,4
3/26/13,20 33 46 49 51,46,4
3/22/13,14 27 34 37 41,38,4
3/19/13,03 06 14 21 37,35,3
3/15/13,04 08 17 22 32,8,2
3/12/13,09 12 19 20 30,39,4
3/8/13,04 11 25 34 35,44,4
3/5/13,06 20 39 41 46,42,3
3/1/13,17 30 38 43 51,20,4
2/26/13,06 07 13 15 43,7,4
2/22/13,09 13 24 38 49,30,3
2/19/13,01 15 19 30 56,28,3
2/15/13,11 35 41 42 44,42,4
2/12/13,09 22 32 38 55,44,3
2/8/13,06 15 20 39 50,5,4
2/5/13,02 05 10 26 44,46,4
2/1/13,01 30 32 40 41,17,3
1/29/13,08 12 27 46 47,6,3
1/25/13,11 12 17 31 48,1,4
1/22/13,07 11 16 39 54,13,3
1/18/13,08 18 25 42 49,14,3
1/15/13,01 06 12 19 41,14,4
1/11/13,24 29 30 34 56,1,4
1/8/13,03 20 21 38 42,19,4
1/4/13,01 02 23 25 55,39,4
1/1/13,04 11 21 25 44,29,4
12/28/12,10 13 32 40 41,32,4
12/25/12,02 03 18 34 48,36,4
12/21/12,03 18 32 41 56,19,3
12/18/12,01 06 07 18 29,16,3
12/14/12,11 28 33 41 43,41,4
12/11/12,39 44 51 52 54,13,4
12/7/12,07 43 44 51 56,4,3
12/4/12,03 19 24 32 43,44,4
11/30/12,11 22 24 28 31,46,3
11/27/12,05 12 26 42 49,24,4
11/23/12,08 37 44 47 48,27,4
11/20/12,09 13 22 38 52,44,4
11/16/12,05 24 26 29 53,36,4
11/13/12,06 12 31 46 56,34,2
11/9/12,18 22 33 35 40,11,4
11/6/12,03 05 13 32 35,6,3
11/2/12,04 18 22 38 44,24,3
10/30/12,05 12 18 29 56,38,4
10/26/12,04 15 24 36 40,44,2
10/23/12,01 17 42 46 55,1,2
10/19/12,14 34 36 48 53,42,3
10/16/12,13 37 40 46 52,29,4
10/12/12,06 10 24 26 42,15,4
10/9/12,06 15 16 22 37,3,4
10/5/12,08 09 16 32 39,15,3
10/2/12,10 11 20 42 55,9,4
9/28/12,06 08 14 43 56,28,4
9/25/12,07 08 23 50 51,26,3
9/21/12,03 13 14 46 55,34,4
9/18/12,05 09 22 36 49,36,3
9/14/12,16 17 21 40 51,20,4
9/11/12,05 11 20 33 36,11,3
9/7/12,15 32 38 42 46,31,4
9/4/12,16 32 39 41 53,16,3
8/31/12,31 40 41 47 48,45,3
8/28/12,04 09 40 45 50,39,4
8/24/12,25 34 45 46 49,34,2
8/21/12,05 13 20 23 33,30,2
8/17/12,08 20 24 35 56,24,3
8/14/12,15 23 34 39 55,32,4
8/10/12,10 18 36 38 44,8,4
8/7/12,30 32 33 42 48,7,4
8/3/12,02 10 13 38 46,2,3
7/31/12,05 18 21 29 41,37,3
7/27/12,02 03 04 08 43,26,3
7/24/12,05 09 38 46 51,5,4
7/20/12,02 44 48 50 52,3,3
7/17/12,01 13 21 49 55,17,4
7/13/12,06 07 13 24 46,34,2
7/10/12,03 11 19 23 36,21,4
7/6/12,20 23 28 35 39,21,3
7/3/12,03 04 24 36 52,45,4
6/29/12,28 34 39 45 53,34,4
6/26/12,03 16 23 35 36,20,4
6/22/12,10 16 19 32 36,13,3
6/19/12,11 21 27 30 53,11,2
6/15/12,08 12 18 30 40,4,3
6/12/12,02 09 17 34 50,45,4
6/8/12,04 09 34 40 48,25,3
6/5/12,37 39 42 53 55,22,3
6/1/12,02 27 38 46 52,45,3
5/29/12,02 14 29 53 55,31,3
5/25/12,09 15 21 40 54,11,4
5/22/12,10 14 35 43 52,16,2
5/18/12,03 11 22 34 49,1,4
5/15/12,10 11 12 14 24,6,4
5/11/12,03 15 29 35 54,8,4
5/8/12,02 06 08 18 51,19,3
5/4/12,04 11 21 42 53,38,4
5/1/12,24 27 31 45 52,38,4
4/27/12,02 05 45 46 47,37,4
4/24/12,03 09 15 37 38,39,4
4/20/12,14 23 26 33 35,40,3
4/17/12,01 16 24 32 48,2,4
4/13/12,09 14 17 36 42,33,4
4/10/12,02 06 12 31 48,25,4
4/6/12,02 19 20 24 33,39,4
4/3/12,11 35 38 41 52,40,4
3/30/12,02 04 23 38 46,23,3
3/27/12,09 19 34 44 51,24,3
3/23/12,06 17 19 20 21,20,4
3/20/12,01 04 06 11 14,30,4
3/16/12,28 29 43 51 53,7,3
3/13/12,02 08 30 36 48,31,3
3/9/12,09 10 27 36 42,11,4
3/6/12,20 24 31 33 36,44,4
3/2/12,16 29 48 52 54,5,2
2/28/12,06 15 29 39 51,36,3
2/24/12,01 16 18 25 27,3,4
2/21/12,09 30 39 42 47,37,3
2/17/12,16 25 28 32 40,3,3
2/14/12,03 05 10 26 27,27,2
2/10/12,03 04 18 29 50,20,4
2/7/12,17 23 30 37 45,4,4
2/3/12,07 19 21 49 53,35,4
1/31/12,09 17 18 28 43,9,3
1/27/12,03 05 30 36 48,23,4
1/24/12,10 22 24 36 49,33,4
1/20/12,01 09 28 38 47,8,2
1/17/12,03 15 31 36 53,27,2
1/13/12,10 27 28 37 51,19,3
1/10/12,04 10 16 38 48,34,3
1/6/12,09 17 28 34 48,46,2
1/3/12,02 03 15 22 36,23,2
12/30/11,04 24 45 46 52,1,4
12/27/11,23 32 33 39 43,8,3
12/23/11,03 05 08 18 29,14,4
12/20/11,20 24 27 45 51,31,4
12/16/11,02 04 26 36 39,27,3
12/13/11,05 06 22 26 41,6,4
12/9/11,04 12 29 49 51,44,4
12/6/11,07 21 29 35 49,39,4
12/2/11,24 30 48 51 56,45,4
11/29/11,17 29 43 48 52,36,4
11/25/11,22 28 42 49 54,43,3
11/22/11,04 16 23 33 48,38,2
11/18/11,04 13 33 39 55,3,4
11/15/11,03 06 24 30 33,21,4
11/11/11,02 16 22 29 50,27,4
11/8/11,05 31 45 47 54,4,4
11/4/11,26 30 32 33 44,1,4
11/1/11,27 31 39 40 46,36,3
10/28/11,13 31 49 52 56,41,4
10/25/11,13 33 40 44 46,8,4
10/21/11,06 21 35 37 38,17,3
10/18/11,24 25 45 47 53,42,2
10/14/11,13 35 42 45 54,26,4
10/11/11,25 34 38 44 56,27,4
10/7/11,05 15 19 23 38,19,4
10/4/11,03 26 40 45 52,11,3
9/30/11,03 19 21 44 45,29,4
9/27/11,02 20 28 36 45,37,4
9/23/11,27 31 32 40 52,36,4
9/20/11,06 29 38 50 51,39,4
9/16/11,06 23 41 45 56,24,4
9/13/11,22 31 43 48 56,45,4
9/9/11,07 12 19 23 31,45,4
9/6/11,01 36 38 42 49,19,4
9/2/11,25 44 48 49 55,20,3
8/30/11,02 22 25 28 50,18,4
8/26/11,02 03 27 30 47,36,3
8/23/11,11 21 44 48 49,23,3
8/19/11,05 15 53 54 56,22,2
8/16/11,04 38 41 42 43,44,4
8/12/11,09 43 51 54 55,13,4
8/9/11,11 19 39 45 54,15,4
8/5/11,06 24 28 33 42,19,3
8/2/11,14 17 19 20 32,28,4
7/29/11,08 10 22 47 48,35,4
7/26/11,20 25 35 52 55,10,3
7/22/11,23 31 32 39 56,38,4
7/19/11,02 09 10 16 35,40,4
7/15/11,16 29 30 46 56,6,3
7/12/11,03 09 11 44 49,9,4
7/8/11,01 02 22 37 50,45,3
7/5/11,01 10 13 18 46,19,2
7/1/11,12 17 30 35 47,26,4
6/28/11,12 17 27 47 48,33,4
6/24/11,10 14 40 49 51,4,3
6/21/11,11 24 25 31 46,17,3
6/17/11,12 29 46 47 51,24,4
6/14/11,09 10 20 51 53,24,4
6/10/11,18 21 27 37 38,7,3
6/7/11,29 32 35 47 52,13,4
6/3/11,20 23 41 49 53,31,3
5/31/11,28 30 31 37 55,13,3
5/27/11,05 07 14 28 56,10,4
5/24/11,09 12 21 42 43,42,3
5/20/11,10 17 19 45 48,30,4
5/17/11,01 02 17 25 48,45,4
5/13/11,03 33 39 47 53,9,4
5/10/11,11 16 34 40 51,34,4
5/6/11,06 18 26 37 41,9,3
5/3/11,01 16 29 36 50,16,2
4/29/11,09 10 11 33 51,29,4
4/26/11,19 29 32 38 55,15,3
4/22/11,03 18 46 51 53,17,3
4/19/11,20 24 32 45 51,43,4
4/15/11,22 23 33 39 48,29,3
4/12/11,10 23 39 41 45,15,2
4/8/11,06 40 45 50 56,11,3
4/5/11,01 19 20 31 36,9,2
4/1/11,13 14 35 36 53,19,3
3/29/11,06 15 23 34 38,43,4
3/25/11,22 24 31 52 54,4,4
3/22/11,01 14 35 50 53,43,4
3/18/11,14 33 34 54 56,37,4
3/15/11,10 11 12 28 43,45,4
3/11/11,14 19 21 42 45,6,2
3/8/11,03 17 19 41 55,24,4
3/4/11,08 10 15 23 41,7,4
3/1/11,01 12 19 20 47,25,3
2/25/11,04 05 17 19 50,7,4
2/22/11,15 22 23 48 55,31,4
2/18/11,05 06 07 30 45,42,3
2/15/11,17 18 24 35 39,18,4
2/11/11,08 09 17 32 34,13,2
2/8/11,25 35 36 47 48,18,2
2/4/11,06 20 29 48 55,6,4
2/1/11,16 22 23 26 35,31,4
1/28/11,14 33 48 49 50,18,4
1/25/11,05 08 31 46 50,4,4
1/21/11,05 09 21 35 38,20,4
1/18/11,04 27 29 38 45,5,4
1/14/11,02 15 17 33 35,8,
1/11/11,01 04 11 16 45,37,
1/7/11,04 22 42 46 53,20,
1/4/11,04 08 15 25 47,42,
12/31/10,10 12 13 35 56,9,
12/28/10,06 18 36 40 49,7,
12/24/10,15 16 27 40 52,16,
12/21/10,08 11 12 31 32,29,
12/17/10,11 20 26 46 53,12,
12/14/10,18 22 25 31 38,29,
12/10/10,23 27 33 44 46,36,
12/7/10,04 38 45 53 54,9,
12/3/10,06 11 12 18 56,12,
11/30/10,11 16 19 47 53,2,
11/26/10,05 09 34 43 47,8,
11/23/10,02 06 12 34 35,33,
11/19/10,07 14 31 51 54,35,
11/16/10,01 26 27 39 46,21,
11/12/10,09 26 28 35 38,10,
11/9/10,08 26 28 33 53,11,
11/5/10,19 25 34 46 53,15,
11/2/10,01 03 12 16 54,46,
10/29/10,04 19 26 28 39,14,
10/26/10,15 21 30 31 32,26,
10/22/10,02 07 18 32 53,18,
10/19/10,02 09 14 37 42,41,
10/15/10,09 10 13 31 50,10,
10/12/10,10 31 36 37 43,15,
10/8/10,24 29 37 48 50,19,
10/5/10,10 19 24 37 44,27,
10/1/10,03 08 21 28 52,43,
9/28/10,02 10 13 36 38,18,
9/24/10,02 28 38 42 55,25,
9/21/10,03 20 43 47 52,26,
9/17/10,03 04 14 18 27,13,
9/14/10,06 14 50 55 56,1,
9/10/10,11 12 17 21 23,20,
9/7/10,08 18 22 24 38,23,
9/3/10,10 13 20 28 36,9,
8/31/10,10 20 29 47 48,38,
8/27/10,04 10 26 32 41,31,
8/24/10,04 23 24 28 32,31,
8/20/10,04 13 20 29 48,36,
8/17/10,11 19 40 43 44,33,
8/13/10,06 17 24 43 55,36,
8/10/10,02 14 26 50 56,12,
8/6/10,07 13 30 33 54,30,
8/3/10,04 13 20 22 56,32,
7/30/10,11 30 40 48 52,42,
7/27/10,02 07 10 16 29,8,
7/23/10,16 19 39 44 49,26,
7/20/10,12 18 28 36 43,19,
7/16/10,02 15 18 20 39,34,
7/13/10,07 11 14 15 34,14,
7/9/10,01 31 33 34 50,41,
7/6/10,08 18 45 47 50,36,
7/2/10,01 10 12 32 36,25,
6/29/10,03 04 15 27 37,35,
6/25/10,01 02 13 19 27,21,
6/22/10,12 17 21 23 30,24,
6/18/10,11 36 37 41 55,7,
6/15/10,04 12 13 21 27,46,
6/11/10,06 13 33 34 42,25,
6/8/10,12 18 28 48 54,6,
6/4/10,12 13 15 17 50,23,
6/1/10,12 27 44 45 51,30,
5/28/10,03 11 20 29 39,26,
5/25/10,05 14 17 19 24,25,
5/21/10,15 20 23 26 30,17,
5/18/10,11 13 19 37 40,26,
5/14/10,20 21 40 47 56,12,
5/11/10,26 33 43 46 54,9,
5/7/10,02 07 20 34 50,40,
5/4/10,09 21 31 36 43,8,
4/30/10,14 20 41 47 53,40,
4/27/10,23 37 41 50 55,6,
4/23/10,19 26 28 37 52,18,
4/20/10,05 08 10 34 42,25,
4/16/10,10 16 31 48 50,44,
4/13/10,03 12 27 39 47,32,
4/9/10,15 18 39 48 53,3,
4/6/10,16 43 44 52 56,26,
4/2/10,02 17 22 30 31,19,
3/30/10,01 11 24 38 44,41,
3/26/10,23 41 46 47 52,22,
3/23/10,03 25 28 29 40,13,
3/19/10,10 31 45 50 54,25,
3/16/10,03 22 48 52 56,13,
3/12/10,02 15 25 48 53,41,
3/9/10,14 16 18 19 29,16,
3/5/10,11 31 34 44 52,32,
3/2/10,09 12 47 48 56,25,
2/26/10,04 14 29 54 56,40,
2/23/10,04 16 36 40 53,18,
2/19/10,01 22 39 42 46,36,
2/16/10,11 12 21 29 45,5,
2/12/10,14 16 17 33 47,23,
2/9/10,02 17 20 26 48,12,
2/5/10,10 20 45 51 53,41,
2/2/10,06 07 26 27 49,9,
1/29/10,01 10 22 23 38,19,
1/26/10,07 08 38 39 48,22,
1/22/10,08 13 27 28 52,9,
1/19/10,04 05 34 38 41,18,
1/15/10,04 07 19 21 38,29,
1/12/10,05 09 31 37 56,16,
1/8/10,18 20 31 36 43,33,
1/5/10,13 28 39 50 55,10,
1/1/10,06 08 27 40 41,21,
12/29/09,02 05 29 35 51,3,
12/22/09,03 33 35 39 45,13,
12/18/09,10 20 30 44 49,24,
12/15/09,27 31 32 36 47,35,
12/11/09,02 21 27 34 44,45,
12/8/09,20 23 28 30 46,29,
12/4/09,04 33 41 51 56,38,
12/1/09,17 30 39 52 53,21,
11/27/09,12 25 37 39 45,11,
11/24/09,10 11 35 37 50,12,
11/20/09,03 04 07 16 56,39,
11/17/09,08 22 27 49 50,28,
11/13/09,27 43 45 49 54,44,
11/10/09,08 21 29 34 37,15,
11/6/09,07 11 27 40 46,8,
11/3/09,05 18 23 31 38,20,
10/30/09,04 15 17 29 38,20,
10/27/09,07 13 37 46 51,2,
10/23/09,27 45 48 54 56,2,
10/20/09,13 17 25 45 55,8,
10/16/09,10 13 18 33 51,43,
10/13/09,17 31 34 45 51,24,
10/9/09,03 14 21 24 51,14,
10/6/09,09 33 51 53 56,39,
10/2/09,15 24 51 53 55,11,
9/29/09,02 21 25 45 50,21,
9/25/09,07 27 42 49 52,19,
9/22/09,26 29 33 39 46,24,
9/18/09,18 27 31 36 52,33,
9/15/09,29 30 32 35 41,39,
9/11/09,16 27 48 49 54,2,
9/8/09,04 10 18 28 50,35,
9/4/09,02 04 06 21 44,37,
9/1/09,02 09 28 51 53,19,
8/28/09,01 17 31 37 54,31,
8/25/09,03 12 19 22 40,2,
8/21/09,09 38 44 48 49,13,
8/18/09,04 05 26 37 56,25,
8/14/09,08 22 25 33 35,46,
8/11/09,06 12 15 32 42,40,
8/7/09,07 18 35 45 56,3,
8/4/09,01 28 34 42 50,27,
7/31/09,17 35 44 52 56,22,
7/28/09,04 17 24 25 48,34,
7/24/09,03 06 43 51 52,36,
7/21/09,03 08 21 50 52,2,
7/17/09,08 17 40 47 50,13,
7/14/09,20 29 35 45 53,41,
7/10/09,05 10 26 27 28,4,
7/7/09,25 27 35 38 39,28,
7/3/09,05 06 07 11 25,31,
6/30/09,07 34 49 54 55,34,
6/26/09,11 15 17 29 46,16,
6/23/09,12 14 16 31 50,9,
6/19/09,04 09 12 16 46,44,
6/16/09,09 15 21 26 45,25,
6/12/09,06 11 20 32 44,38,
6/9/09,05 17 31 36 56,46,
6/5/09,05 20 38 41 52,20,
6/2/09,09 13 26 30 35,33,
5/29/09,23 30 36 39 48,34,
5/26/09,09 18 21 37 55,33,
5/22/09,03 29 34 42 49,29,
5/19/09,02 04 09 15 42,13,
5/15/09,07 12 24 36 48,27,
5/12/09,04 08 10 14 51,31,
5/8/09,12 27 29 32 34,34,
5/5/09,05 23 38 39 54,3,
5/1/09,09 16 24 40 43,35,
4/28/09,15 20 24 36 44,6,
4/24/09,09 20 21 48 49,7,
4/21/09,05 24 37 47 52,6,
4/17/09,05 13 26 35 45,32,
4/14/09,04 11 22 48 50,42,
4/10/09,18 25 36 42 51,22,
4/7/09,02 04 13 17 36,15,
4/3/09,16 22 38 39 48,42,
3/31/09,14 39 47 48 53,29,
3/27/09,10 15 24 38 50,19,
3/24/09,04 25 34 43 44,45,
3/20/09,15 16 20 39 40,26,
3/17/09,09 15 24 28 31,17,
3/13/09,10 12 26 46 50,23,
3/10/09,02 27 31 39 40,23,
3/6/09,11 18 37 46 55,45,
3/3/09,26 32 35 43 52,10,
2/27/09,24 37 44 50 56,35,
2/24/09,01 27 28 35 40,6,
2/20/09,21 28 41 45 55,24,
2/17/09,01 09 23 27 33,24,
2/13/09,25 36 37 40 51,20,
2/10/09,18 29 38 43 47,7,
2/6/09,02 12 18 28 31,3,
2/3/09,04 15 29 43 56,29,
1/30/09,13 16 19 53 55,2,
1/27/09,03 11 12 14 21,25,
1/23/09,02 17 20 27 28,7,
1/20/09,01 09 10 35 46,9,
1/16/09,02 04 21 39 51,29,
1/13/09,22 25 33 36 48,40,
1/9/09,23 25 30 45 50,8,
1/6/09,03 11 12 19 33,30,
1/2/09,02 11 19 21 34,38,
12/30/08,01 22 29 44 52,39,
12/26/08,06 19 29 33 37,31,
12/23/08,01 08 13 27 41,45,
12/19/08,03 13 16 39 54,32,
12/16/08,10 14 16 29 40,6,
12/12/08,10 16 19 27 48,25,
12/9/08,11 12 26 31 33,27,
12/5/08,21 27 46 52 55,14,
12/2/08,02 17 22 32 51,35,
11/28/08,10 30 44 46 48,44,
11/25/08,02 11 22 51 52,46,
11/21/08,01 22 52 53 56,45,
11/18/08,10 15 22 52 53,12,
11/14/08,03 18 19 30 34,3,
11/11/08,05 27 38 42 55,41,
11/7/08,14 24 32 43 44,21,
11/4/08,10 21 23 41 55,9,
10/31/08,02 07 17 29 47,40,
10/28/08,06 39 45 46 48,36,
10/24/08,05 33 34 47 52,18,
10/21/08,16 19 39 42 44,38,
10/17/08,07 15 27 28 31,35,
10/14/08,14 35 41 42 51,23,
10/10/08,14 15 43 46 48,21,
10/7/08,02 25 35 38 42,34,
10/3/08,13 28 32 41 52,16,
9/30/08,09 30 35 39 49,36,
9/26/08,06 13 14 31 36,36,
9/23/08,09 32 34 43 52,4,
9/19/08,02 09 41 48 51,37,
9/16/08,13 24 39 51 52,44,
9/12/08,01 12 14 25 35,38,
9/9/08,22 23 28 49 52,2,
9/5/08,01 06 15 27 46,39,
9/2/08,14 23 43 44 54,39,
8/29/08,21 25 26 50 51,22,
8/26/08,06 16 24 34 36,30,
8/22/08,12 13 15 41 42,37,
8/19/08,09 18 19 26 40,38,
8/15/08,08 23 29 30 53,7,
8/12/08,02 07 23 38 40,40,
8/8/08,11 17 28 32 50,33,
8/5/08,09 21 36 38 55,13,
8/1/08,09 13 17 18 56,2,
7/29/08,11 13 20 30 42,3,
7/25/08,02 16 19 35 52,17,
7/22/08,02 16 23 29 32,46,
7/18/08,17 29 36 53 55,26,
7/15/08,19 24 34 45 51,40,
7/11/08,05 14 16 39 51,34,
7/8/08,01 20 22 29 41,35,
7/4/08,01 03 12 19 20,28,
7/1/08,01 22 33 43 52,36,
6/27/08,08 14 22 39 50,44,
6/24/08,10 22 36 50 53,39,
6/20/08,11 17 25 36 42,13,
6/17/08,05 14 25 47 49,36,
6/13/08,08 09 14 38 44,36,
6/10/08,03 05 15 43 51,11,
6/6/08,08 09 43 44 54,27,
6/3/08,04 19 24 32 54,5,
5/30/08,39 40 47 53 55,32,
5/27/08,14 24 32 45 49,17,
5/23/08,04 08 11 22 30,4,
5/20/08,02 14 26 32 41,32,
5/16/08,06 11 39 46 47,26,
5/13/08,20 24 27 31 47,15,
5/9/08,16 31 43 46 56,22,
5/6/08,04 21 46 53 54,26,
5/2/08,08 28 37 53 55,26,
4/29/08,19 24 35 44 51,26,
4/25/08,19 32 37 45 52,41,
4/22/08,03 22 31 48 54,9,
4/18/08,24 28 36 50 53,29,
4/15/08,12 13 27 48 50,30,
4/11/08,14 18 27 31 42,7,
4/8/08,08 09 31 37 44,38,
4/4/08,03 05 40 45 49,17,
4/1/08,04 17 26 46 56,25,
3/28/08,07 26 27 40 43,10,
3/25/08,38 42 43 48 53,12,
3/21/08,05 08 17 19 41,21,
3/18/08,13 15 20 25 44,37,
3/14/08,03 12 18 25 52,21,
3/11/08,04 13 35 41 47,44,
3/7/08,19 32 33 41 48,12,
3/4/08,07 15 30 33 56,22,
2/29/08,05 17 22 26 55,38,
2/26/08,09 12 30 36 55,15,
2/22/08,07 12 13 19 22,10,
2/19/08,01 38 42 55 56,34,
2/15/08,07 11 26 30 53,14,
2/12/08,14 27 39 47 50,12,
2/8/08,21 30 43 46 50,18,
2/5/08,04 05 17 40 51,38,
2/1/08,03 14 30 44 56,5,
1/29/08,08 23 39 40 42,24,
1/25/08,05 12 22 38 56,22,
1/22/08,12 15 22 25 33,2,
1/18/08,12 22 33 43 44,15,
1/15/08,21 30 42 44 50,6,
1/11/08,22 36 42 45 55,42,
1/8/08,10 29 45 52 54,10,
1/4/08,24 31 39 40 56,32,
1/1/08,13 16 25 30 54,11,
12/28/07,02 19 22 28 54,25,
12/21/07,14 19 20 43 53,7,
12/18/07,03 23 46 48 49,2,
12/14/07,04 07 12 17 30,44,
12/11/07,06 25 27 30 45,46,
12/7/07,12 18 26 28 51,35,
12/4/07,16 27 30 45 53,43,
11/30/07,05 06 12 26 51,7,
11/27/07,09 10 26 29 39,10,
11/23/07,18 21 33 42 56,11,
11/20/07,14 20 23 42 43,6,
11/16/07,12 13 30 31 39,29,
11/13/07,15 26 36 39 40,45,
11/9/07,11 33 41 42 46,21,
11/6/07,03 17 43 46 47,2,
11/2/07,01 03 34 49 52,19,
10/30/07,02 08 44 46 51,22,
10/26/07,12 20 24 38 51,3,
10/23/07,02 07 45 52 53,18,
10/19/07,05 15 18 23 46,14,
10/16/07,01 02 05 41 44,25,
10/12/07,21 26 34 44 54,23,
10/9/07,01 10 17 32 51,44,
10/5/07,10 19 37 40 48,1,
10/2/07,28 37 40 43 44,20,
9/28/07,04 13 20 25 33,42,
9/25/07,02 19 23 47 54,16,
9/21/07,05 21 23 33 45,43,
9/18/07,20 24 31 34 49,8,
9/14/07,05 09 12 33 40,27,
9/11/07,09 10 17 21 35,6,
9/7/07,14 19 27 34 48,3,
9/4/07,03 06 11 42 46,38,
8/31/07,08 18 22 40 44,11,
8/28/07,37 40 48 53 56,44,
8/24/07,04 21 46 51 53,5,
8/21/07,08 38 54 55 56,2,
8/17/07,02 08 33 38 53,12,
8/14/07,05 08 09 24 34,17,
8/10/07,10 20 32 33 54,39,
8/7/07,36 41 50 55 56,9,
8/3/07,16 29 42 46 51,40,
7/31/07,05 18 37 39 43,42,
7/27/07,07 12 35 54 55,2,
7/24/07,08 17 20 23 50,17,
7/20/07,06 13 30 41 52,26,
7/17/07,16 30 38 46 51,5,
7/13/07,07 39 41 48 53,21,
7/10/07,19 24 30 34 56,19,
7/6/07,03 09 12 25 47,37,
7/3/07,21 35 37 39 40,35,
6/29/07,01 17 40 51 52,7,
6/26/07,04 10 20 29 45,21,
6/22/07,11 14 21 24 31,23,
6/19/07,05 16 31 49 54,19,
6/15/07,01 05 16 26 30,21,
6/12/07,03 13 19 31 50,21,
6/8/07,06 26 29 31 39,31,
6/5/07,27 35 38 49 56,15,
6/1/07,12 19 29 32 48,9,
5/29/07,02 24 44 51 54,7,
5/25/07,10 14 22 42 43,1,
5/22/07,02 07 11 22 36,35,
5/18/07,13 23 24 30 44,5,
5/15/07,06 13 42 46 56,42,
5/11/07,28 30 33 48 54,25,
5/8/07,16 24 41 43 54,36,
5/4/07,04 09 20 45 55,34,
5/1/07,11 16 31 52 53,42,
4/27/07,05 07 26 38 56,15,
4/24/07,08 10 35 36 43,14,
4/20/07,01 09 10 23 53,40,
4/17/07,01 04 11 31 47,37,
4/13/07,11 14 21 25 26,33,
4/10/07,07 15 16 19 28,10,
4/6/07,24 32 34 36 39,6,
4/3/07,16 26 33 34 46,38,
3/30/07,15 23 37 48 53,22,
3/27/07,18 25 34 35 42,6,
3/23/07,18 21 35 51 53,36,
3/20/07,07 21 46 49 55,15,
3/16/07,17 25 36 40 43,9,
3/13/07,07 11 16 38 49,35,
3/9/07,10 13 25 42 43,30,
3/6/07,16 22 29 39 42,20,
3/2/07,14 21 33 35 51,43,
2/27/07,18 31 44 45 48,18,
2/23/07,03 18 21 38 50,43,
2/20/07,01 09 26 46 51,11,
2/16/07,17 35 40 46 48,41,
2/13/07,03 09 24 29 41,41,
2/9/07,32 39 46 48 49,41,
2/6/07,16 21 35 36 46,38,
2/2/07,22 33 35 40 53,15,
1/30/07,14 18 44 52 56,25,
1/26/07,16 17 36 49 54,14,
1/23/07,03 05 15 26 53,35,
1/19/07,04 28 30 31 35,17,
1/16/07,04 08 15 33 52,10,
1/12/07,12 14 26 40 42,22,
1/9/07,07 11 26 38 54,13,
1/5/07,02 12 44 46 51,6,
1/2/07,09 10 38 51 53,1,
12/29/06,03 04 10 39 50,29,
12/26/06,07 12 25 44 53,3,
12/22/06,05 12 15 25 34,43,
12/19/06,09 32 37 42 48,7,
12/15/06,06 07 17 28 40,39,
12/12/06,20 30 31 35 49,23,
12/8/06,01 15 29 32 45,8,
12/5/06,06 09 13 43 46,45,
12/1/06,16 22 23 37 53,35,
11/28/06,07 14 24 41 56,7,
11/24/06,14 35 40 47 48,35,
11/21/06,07 13 20 42 47,9,
11/17/06,05 19 25 30 50,42,
11/14/06,09 20 24 25 36,23,
11/10/06,11 42 52 53 55,28,
11/7/06,13 22 33 51 52,42,
11/3/06,08 10 22 25 55,22,
10/31/06,05 34 40 45 46,21,
10/27/06,15 22 26 30 32,31,
10/24/06,05 25 41 48 51,35,
10/20/06,09 13 23 29 54,34,
10/17/06,06 18 20 28 38,37,
10/13/06,24 27 42 47 50,8,
10/10/06,14 30 35 40 43,2,
10/6/06,01 11 20 21 46,18,
10/3/06,06 19 32 33 40,39,
9/29/06,03 25 43 45 55,40,
9/26/06,03 06 38 42 45,30,
9/22/06,07 12 17 22 43,16,
9/19/06,02 19 44 45 56,43,
9/15/06,06 26 33 39 55,1,
9/12/06,03 16 25 30 44,42,
9/8/06,09 17 34 52 53,2,
9/5/06,01 32 36 42 53,4,
9/1/06,05 06 51 53 55,12,
8/29/06,15 25 37 38 52,4,
8/25/06,17 24 35 46 54,33,
8/22/06,03 04 05 07 36,16,
8/18/06,05 12 13 46 50,10,
8/15/06,10 12 22 44 48,16,
8/11/06,14 16 38 40 49,29,
8/8/06,01 05 13 18 33,30,
8/4/06,02 24 31 50 55,44,
8/1/06,14 29 32 43 49,14,
7/28/06,02 13 23 32 35,4,
7/25/06,07 21 24 41 51,10,
7/21/06,18 26 35 36 43,24,
7/18/06,12 13 29 49 52,20,
7/14/06,13 25 26 28 56,39,
7/11/06,05 14 34 36 52,42,
7/7/06,07 15 27 46 56,39,
7/4/06,09 15 31 42 45,41,
6/30/06,20 40 46 48 54,27,
6/27/06,02 14 20 29 44,32,
6/23/06,13 17 24 34 56,24,
6/20/06,11 21 37 53 54,12,
6/16/06,27 30 36 38 45,13,
6/13/06,01 20 23 24 33,29,
6/9/06,08 17 18 26 47,37,
6/6/06,05 29 35 52 53,9,
6/2/06,03 10 18 36 38,41,
5/30/06,02 13 28 34 45,36,
5/26/06,12 14 20 47 48,24,
5/23/06,17 21 28 48 54,1,
5/19/06,05 12 31 51 56,1,
5/16/06,07 24 40 48 50,15,
5/12/06,06 36 39 45 52,45,
5/9/06,07 15 24 43 44,22,
5/5/06,08 20 39 53 55,10,
5/2/06,07 11 22 27 31,33,
4/28/06,16 29 32 36 55,12,
4/25/06,01 20 32 37 39,9,
4/21/06,02 04 07 27 41,4,
4/18/06,13 14 25 34 50,6,
4/14/06,08 10 18 29 33,10,
4/11/06,02 12 45 46 56,20,
4/7/06,01 18 31 46 52,37,
4/4/06,09 25 48 51 56,7,
3/31/06,04 07 19 50 52,15,
3/28/06,14 18 35 39 49,14,
3/24/06,01 02 17 47 49,19,
3/21/06,04 16 17 28 31,8,
3/17/06,08 11 23 48 52,5,
3/14/06,27 28 30 42 50,22,
3/10/06,04 17 18 51 54,31,
3/7/06,15 27 36 38 42,32,
3/3/06,25 29 38 39 46,4,
2/28/06,02 04 35 36 48,22,
2/24/06,03 05 12 16 34,27,
2/21/06,14 23 27 36 45,36,
2/17/06,16 25 31 43 46,28,
2/14/06,27 36 43 49 54,33,
2/10/06,24 39 40 43 46,2,
2/7/06,02 16 25 30 48,26,
2/3/06,29 31 32 41 52,42,
1/31/06,01 35 53 54 56,44,
1/27/06,02 07 08 18 29,46,
1/24/06,31 34 36 51 55,4,
1/20/06,18 22 28 44 53,46,
1/17/06,24 32 37 39 40,44,
1/13/06,05 21 27 44 53,36,
1/10/06,07 27 32 37 38,30,
1/6/06,08 11 28 37 53,12,
1/3/06,15 19 20 32 38,21,
12/30/05,14 20 25 40 44,37,
12/27/05,11 24 27 49 55,23,
12/23/05,10 37 39 49 54,8,
12/20/05,06 20 23 40 56,36,
12/16/05,14 25 26 31 56,17,
12/13/05,09 10 12 22 41,4,
12/9/05,14 15 31 32 43,20,
12/6/05,06 10 26 30 33,16,
12/2/05,03 12 21 38 44,45,
11/29/05,07 08 47 51 52,5,
11/25/05,05 25 31 33 34,41,
11/22/05,09 22 37 41 43,30,
11/18/05,08 18 21 42 46,11,
11/15/05,02 04 05 40 48,7,
11/11/05,09 14 34 50 51,40,
11/8/05,08 16 21 25 27,16,
11/4/05,07 09 41 53 54,38,
11/1/05,05 18 21 28 36,20,
10/28/05,08 17 25 28 53,1,
10/25/05,07 12 18 31 55,30,
10/21/05,11 17 28 29 36,42,
10/18/05,03 12 16 32 33,15,
10/14/05,06 20 24 25 34,44,
10/11/05,24 30 42 53 54,20,
10/7/05,02 04 23 27 36,37,
10/4/05,12 24 28 29 36,41,
9/30/05,01 03 14 30 52,10,
9/27/05,14 17 26 27 28,5,
9/23/05,06 07 20 41 51,38,
9/20/05,35 36 40 42 52,45,
9/16/05,05 16 41 46 50,1,
9/13/05,13 24 44 48 52,30,
9/9/05,15 28 43 51 52,11,
9/6/05,01 08 27 31 50,40,
9/2/05,01 04 14 45 53,33,
8/30/05,19 32 42 49 56,29,
8/26/05,05 20 38 47 54,35,
8/23/05,06 07 08 13 40,12,
8/19/05,02 13 18 36 46,36,
8/16/05,09 15 20 24 55,3,
8/12/05,08 37 38 45 54,21,
8/9/05,13 35 36 43 52,5,
8/5/05,03 05 48 50 53,4,
8/2/05,17 22 39 50 52,46,
7/29/05,04 16 23 25 40,22,
7/26/05,01 10 18 29 55,8,
7/22/05,07 18 27 35 54,34,
7/19/05,07 13 48 51 54,11,
7/15/05,09 13 25 36 48,2,
7/12/05,05 17 32 39 53,36,
7/8/05,09 23 45 48 50,3,
7/5/05,22 38 48 50 55,29,
7/1/05,14 25 41 42 50,40,
6/28/05,02 20 37 43 46,4,
6/24/05,14 43 44 50 56,7,
6/21/05,09 13 40 46 50,30,
6/17/05,16 35 40 49 50,34,
6/14/05,01 10 29 48 49,36,
6/10/05,14 29 31 37 50,34,
6/7/05,07 14 28 46 47,25,
6/3/05,04 06 14 28 47,42,
5/31/05,05 13 22 37 38,11,
5/27/05,07 17 22 34 50,24,
5/24/05,09 28 39 40 45,24,
5/20/05,03 06 27 40 44,9,
5/17/05,07 09 10 29 44,17,
5/13/05,21 23 27 33 39,8,
5/10/05,11 25 38 40 42,40,
5/6/05,07 12 25 50 51,19,
5/3/05,07 17 42 46 52,47,
4/29/05,02 05 07 28 46,21,
4/26/05,18 22 33 34 42,16,
4/22/05,23 25 43 46 49,26,
4/19/05,05 06 14 42 47,3,
4/15/05,25 26 37 39 49,29,
4/12/05,15 20 43 47 50,24,
4/8/05,05 13 17 33 35,35,
4/5/05,04 19 45 51 52,22,
4/1/05,11 19 28 32 45,10,
3/29/05,07 17 18 30 42,38,
3/25/05,11 18 19 45 49,2,
3/22/05,06 11 27 37 43,34,
3/18/05,02 09 28 29 48,33,
3/15/05,14 26 27 34 44,27,
3/11/05,18 19 31 35 36,17,
3/8/05,08 14 15 22 31,13,
3/4/05,07 10 13 35 39,21,
3/1/05,01 08 18 39 48,1,
2/25/05,04 13 37 38 50,24,
2/22/05,15 18 28 41 45,27,
2/18/05,01 19 31 35 42,34,
2/15/05,03 16 20 21 38,10,
2/11/05,06 14 21 24 50,28,
2/8/05,08 11 14 23 25,21,
2/4/05,03 12 14 30 52,34,
2/1/05,03 17 21 42 44,35,
1/28/05,25 31 39 47 52,43,
1/25/05,02 10 21 25 45,22,
1/21/05,17 27 39 40 41,21,
1/18/05,10 23 28 39 51,5,
1/14/05,15 19 24 40 47,50,
1/11/05,02 23 24 35 45,18,
1/7/05,02 08 14 15 51,38,
1/4/05,03 06 07 12 32,30,
12/31/04,10 14 45 47 51,20,
12/28/04,18 29 32 38 43,50,
12/24/04,09 20 22 41 42,10,
12/21/04,07 22 27 31 38,12,
12/17/04,16 34 38 42 47,1,
12/14/04,14 27 32 34 40,2,
12/10/04,22 23 37 42 47,15,
12/7/04,01 19 22 32 49,29,
12/3/04,12 32 37 41 52,13,
11/30/04,10 20 22 28 52,4,
11/26/04,07 09 18 37 43,34,
11/23/04,08 30 32 35 51,17,
11/19/04,01 12 24 36 51,38,
11/16/04,09 10 27 28 30,18,
11/12/04,05 31 33 35 51,1,
11/9/04,11 20 26 28 52,7,
11/5/04,03 29 30 41 43,1,
11/2/04,24 32 42 49 50,3,
10/29/04,10 18 26 31 41,48,
10/26/04,14 25 39 43 49,27,
10/22/04,03 07 20 24 43,36,
10/19/04,06 13 19 34 50,33,
10/15/04,04 08 24 30 36,25,
10/12/04,04 18 19 39 51,13,
10/8/04,16 17 21 33 41,6,
10/5/04,08 34 39 48 49,47,
10/1/04,08 10 17 24 39,52,
9/28/04,01 18 39 42 50,35,
9/24/04,11 26 30 49 50,52,
9/21/04,01 03 15 19 29,39,
9/17/04,03 16 25 38 49,4,
9/14/04,12 35 37 38 50,49,
9/10/04,11 17 27 45 52,5,
9/7/04,13 30 36 38 51,35,
9/3/04,04 14 34 38 44,10,
8/31/04,14 15 25 42 44,3,
8/27/04,05 25 38 46 47,14,
8/24/04,02 05 21 47 50,46,
8/20/04,12 17 34 37 39,34,
8/17/04,22 23 26 28 36,10,
8/13/04,14 31 41 45 48,20,
8/10/04,18 25 29 31 44,33,
8/6/04,04 23 33 38 49,7,
8/3/04,01 02 13 16 22,31,
7/30/04,16 19 21 34 35,22,
7/27/04,08 10 11 13 24,46,
7/23/04,05 12 25 35 37,12,
7/20/04,06 15 21 32 44,13,
7/16/04,03 21 22 35 44,7,
7/13/04,13 31 37 39 52,38,
7/9/04,11 23 25 29 45,16,
7/6/04,06 07 08 31 48,19,
7/2/04,10 25 38 39 50,12,
6/29/04,10 13 19 28 38,1,
6/25/04,18 19 29 32 42,32,
6/22/04,09 10 17 41 52,19,
6/18/04,07 10 11 15 51,23,
6/15/04,18 23 27 29 44,24,
6/11/04,12 28 36 39 52,36,
6/8/04,17 24 29 37 45,43,
6/4/04,04 16 18 41 47,46,
6/1/04,07 16 17 26 48,15,
5/28/04,13 27 36 39 51,33,
5/25/04,05 18 34 36 39,43,
5/21/04,04 20 27 38 49,31,
5/18/04,02 36 44 46 51,45,
5/14/04,10 19 32 36 46,6,
5/11/04,09 25 30 34 37,30,
5/7/04,14 17 19 44 50,17,
5/4/04,03 15 29 37 39,40,
4/30/04,15 21 32 39 50,34,
4/27/04,01 10 17 23 35,45,
4/23/04,08 22 25 47 48,27,
4/20/04,12 22 37 46 48,49,
4/16/04,06 24 29 42 51,41,
4/13/04,13 36 39 50 51,34,
4/9/04,02 08 10 11 23,40,
4/6/04,08 17 29 32 39,49,
4/2/04,08 17 25 46 47,13,
3/30/04,03 27 31 41 45,33,
3/26/04,08 10 17 37 49,20,
3/23/04,12 22 35 39 46,32,
3/19/04,06 09 14 32 50,4,
3/16/04,03 28 45 49 51,52,
3/12/04,04 29 32 35 36,11,
3/9/04,16 23 29 36 51,49,
3/5/04,30 40 47 49 52,3,
3/2/04,25 30 35 40 50,4,
2/27/04,02 09 24 36 52,44,
2/24/04,06 11 43 49 52,21,
2/20/04,01 13 20 21 30,24,
2/17/04,02 08 34 36 52,21,
2/13/04,14 30 42 43 45,30,
2/10/04,03 07 10 22 32,23,
2/6/04,01 06 16 30 49,13,
2/3/04,09 21 26 35 41,17,
1/30/04,17 28 30 40 51,44,
1/27/04,06 10 20 38 50,27,
1/23/04,10 18 33 46 51,13,
1/20/04,05 07 14 21 45,36,
1/16/04,12 26 41 44 49,44,
1/13/04,03 17 18 21 45,21,
1/9/04,24 32 38 47 49,12,
1/6/04,07 13 15 25 32,9,
1/2/04,07 08 36 44 48,9,
12/30/03,12 18 21 32 46,49,
12/26/03,01 10 17 20 29,36,
12/23/03,02 13 21 22 49,52,
12/19/03,05 10 17 35 39,38,
12/16/03,16 24 31 46 47,47,
12/12/03,09 16 32 45 46,26,
12/9/03,04 14 15 24 48,41,
12/5/03,01 12 15 18 44,42,
12/2/03,10 13 24 34 49,4,
11/28/03,19 26 31 44 50,19,
11/25/03,22 32 37 40 41,52,
11/21/03,14 26 28 36 42,14,
11/18/03,04 11 25 30 52,36,
11/14/03,03 13 31 41 42,52,
11/11/03,02 05 17 21 22,43,
11/7/03,06 18 23 26 30,31,
11/4/03,16 24 43 44 45,22,
10/31/03,06 12 13 36 46,3,
10/28/03,06 09 20 40 47,26,
10/24/03,08 09 16 30 31,15,
10/21/03,18 34 46 51 52,38,
10/17/03,14 20 31 46 48,18,
10/14/03,18 19 21 33 40,29,
10/10/03,04 19 36 42 48,13,
10/7/03,01 02 22 40 41,43,
10/3/03,19 21 30 31 52,51,
9/30/03,02 26 37 40 46,49,
9/26/03,05 29 32 45 52,29,
9/23/03,05 16 24 49 51,28,
9/19/03,13 14 24 34 47,13,
9/16/03,15 20 24 30 46,42,
9/12/03,16 22 23 38 46,45,
9/9/03,14 15 30 39 46,30,
9/5/03,07 09 28 41 42,19,
9/2/03,22 26 27 32 39,14,
8/29/03,08 11 17 42 52,10,
8/26/03,09 28 42 44 49,47,
8/22/03,04 19 31 32 51,31,
8/19/03,07 11 24 28 52,16,
8/15/03,01 16 20 41 52,13,
8/12/03,08 11 18 35 51,26,
8/8/03,06 09 35 40 43,42,
8/5/03,07 32 34 38 44,49,
8/1/03,02 11 27 30 33,46,
7/29/03,01 17 19 32 42,33,
7/25/03,33 46 47 50 51,30,
7/22/03,01 05 31 38 47,3,
7/18/03,29 30 34 38 44,39,
7/15/03,01 26 33 43 48,22,
7/11/03,01 04 10 16 18,10,
7/8/03,02 09 27 29 35,18,
7/4/03,06 07 22 37 46,8,
7/1/03,28 32 39 45 48,31,
6/27/03,01 14 20 31 40,43,
6/24/03,02 26 43 44 47,31,
6/20/03,01 02 03 12 37,35,
6/17/03,27 31 34 40 52,1,
6/13/03,12 15 16 20 51,33,
6/10/03,14 15 23 32 52,37,
6/6/03,10 14 28 39 40,35,
6/3/03,04 20 25 29 32,20,
5/30/03,01 21 28 33 51,3,
5/27/03,10 11 17 20 26,3,
5/23/03,12 20 31 33 50,17,
5/20/03,02 16 36 44 49,3,
5/16/03,05 10 16 26 39,52,
5/13/03,17 20 47 49 50,34,
5/9/03,01 10 20 22 28,39,
5/6/03,05 14 32 44 52,24,
5/2/03,02 05 19 32 34,52,
4/29/03,06 08 09 33 35,32,
4/25/03,01 12 32 48 51,29,
4/22/03,03 09 15 28 52,7,
4/18/03,05 15 24 50 52,3,
4/15/03,16 29 31 39 52,21,
4/11/03,15 26 27 38 39,46,
4/8/03,08 10 24 38 45,6,
4/4/03,06 22 28 31 40,18,
4/1/03,07 12 26 45 47,36,
3/28/03,08 12 21 27 29,15,
3/25/03,15 21 37 40 42,7,
3/21/03,06 17 18 40 50,8,
3/18/03,13 14 16 29 49,29,
3/14/03,03 06 14 31 33,8,
3/11/03,10 15 26 28 39,10,
3/7/03,07 10 32 36 41,33,
3/4/03,02 26 36 37 41,22,
2/28/03,11 16 26 48 49,13,
2/25/03,02 04 06 37 47,38,
2/21/03,21 28 29 40 51,20,
2/18/03,12 22 29 42 50,11,
2/14/03,11 13 19 32 47,21,
2/11/03,18 20 23 48 49,10,
2/7/03,03 09 20 26 27,50,
2/4/03,05 12 16 22 24,48,
1/31/03,01 08 09 19 22,21,
1/28/03,13 24 26 32 47,34,
1/24/03,16 31 37 40 41,5,
1/21/03,04 41 48 50 51,23,
1/17/03,25 26 38 42 46,27,
1/14/03,30 39 41 47 52,27,
1/10/03,07 17 18 34 50,18,
1/7/03,15 16 28 34 51,33,
1/3/03,06 14 28 37 46,3,
12/31/02,08 21 29 42 51,34,
12/27/02,11 14 26 30 39,3,
12/24/02,08 24 39 43 52,43,
12/20/02,10 14 41 46 49,52,
12/17/02,03 07 21 29 49,46,
12/13/02,02 13 14 24 46,34,
12/10/02,03 05 09 16 31,28,
12/6/02,04 08 30 36 52,48,
12/3/02,01 15 19 40 51,26,
11/29/02,08 25 33 42 49,40,
11/26/02,03 21 27 31 43,34,
11/22/02,11 16 19 22 46,5,
11/19/02,07 16 20 40 52,8,
11/15/02,06 17 44 49 51,39,
11/12/02,03 28 45 48 50,24,
11/8/02,17 19 37 47 48,14,
11/5/02,02 07 16 28 36,47,
11/1/02,05 10 22 23 43,37,
10/29/02,09 10 14 41 49,35,
10/25/02,08 15 34 39 47,4,
10/22/02,16 20 26 36 48,32,
10/18/02,10 31 40 48 51,38,
10/15/02,06 20 27 34 51,22,
10/11/02,09 11 17 26 41,29,
10/8/02,18 34 43 47 50,25,
10/4/02,10 42 43 45 51,1,
10/1/02,07 21 30 32 37,15,
9/27/02,23 27 30 33 36,5,
9/24/02,08 32 34 42 50,21,
9/20/02,01 02 04 05 46,8,
9/17/02,07 10 19 26 44,5,
9/13/02,24 32 37 40 51,12,
9/10/02,04 06 10 21 25,21,
9/6/02,31 39 42 49 51,35,
9/3/02,08 23 36 49 51,10,
8/30/02,06 31 32 42 51,42,
8/27/02,02 05 11 18 45,22,
8/23/02,05 19 20 45 48,44,
8/20/02,02 13 20 23 43,6,
8/16/02,22 31 33 44 52,43,
8/13/02,03 10 15 18 25,52,
8/9/02,07 17 23 43 44,26,
8/6/02,02 06 38 40 50,14,
8/2/02,10 16 23 28 31,7,
7/30/02,02 06 22 27 44,1,
7/26/02,20 27 28 37 49,32,
7/23/02,10 12 29 32 38,7,
7/19/02,07 15 24 37 46,9,
7/16/02,10 24 35 49 52,47,
7/12/02,13 19 23 38 47,15,
7/9/02,26 29 31 44 48,40,
7/5/02,11 20 26 29 41,41,
7/2/02,14 22 32 35 44,6,
6/28/02,18 31 49 50 51,4,
6/25/02,04 18 21 27 41,50,
6/21/02,13 18 32 39 49,6,
6/18/02,06 13 18 27 45,18,
6/14/02,04 08 32 37 43,2,
6/11/02,05 06 09 33 44,52,
6/7/02,14 22 27 28 42,13,
6/4/02,03 25 29 30 48,48,
5/31/02,12 28 45 46 52,47,
5/28/02,06 21 22 29 32,24,
5/24/02,02 04 32 44 52,36,
5/21/02,04 28 39 41 44,9,
5/17/02,15 18 25 33 47,30,